sensor_id,timestamp,temperature,humidity,location,sensor_type
1034,2025-04-07T19:15:36.000Z,29.43,40.06,BuildingB_Floor2,TypeA
1074,2025-04-07T01:11:04.000Z,28.7,69.56,BuildingB_Floor1,TypeB
1039,2025-04-09T05:00:29.000Z,22.16,60.59,BuildingB_Floor1,TypeB
1089,2025-04-10T00:13:58.000Z,31.77,31.11,BuildingA_Floor1,TypeB
1086,2025-04-06T18:00:25.000Z,33.97,33.45,BuildingA_Floor1,TypeC
1053,2025-04-09T17:35:58.000Z,19.44,67.75,BuildingB_Floor2,TypeC
1053,2025-04-08T00:39:36.000Z,21.76,54.3,BuildingA_Floor1,TypeB
1032,2025-04-10T11:22:16.000Z,20.88,67.29,BuildingB_Floor1,TypeA
1061,2025-04-09T23:04:15.000Z,21.41,74.33,BuildingA_Floor2,TypeB
1023,2025-04-07T19:42:45.000Z,21.18,51.57,BuildingB_Floor1,TypeC
1077,2025-04-07T01:22:37.000Z,18.4,73.21,BuildingA_Floor2,TypeA
1031,2025-04-07T04:22:37.000Z,16.45,39.32,BuildingB_Floor2,TypeA
1006,2025-04-07T18:15:19.000Z,27.01,46.85,BuildingA_Floor1,TypeC
1099,2025-04-09T02:54:14.000Z,28.4,63.19,BuildingB_Floor1,TypeB
1054,2025-04-07T15:31:14.000Z,24.57,75.51,BuildingA_Floor2,TypeC
1022,2025-04-08T07:41:36.000Z,23.12,51.15,BuildingA_Floor2,TypeC
1014,2025-04-08T01:18:25.000Z,21.14,48.57,BuildingA_Floor1,TypeB
1043,2025-04-10T14:33:45.000Z,27.57,65.56,BuildingA_Floor1,TypeC
1048,2025-04-07T09:33:38.000Z,20.95,43.02,BuildingA_Floor2,TypeA
1090,2025-04-06T17:34:35.000Z,33.63,32.12,BuildingB_Floor2,TypeB
1036,2025-04-06T23:32:06.000Z,30.62,50.95,BuildingB_Floor2,TypeA
1095,2025-04-10T03:07:02.000Z,27.0,70.76,BuildingA_Floor1,TypeB
1014,2025-04-06T16:25:21.000Z,17.24,37.34,BuildingA_Floor1,TypeA
1001,2025-04-10T18:34:59.000Z,25.81,34.19,BuildingB_Floor1,TypeB
1010,2025-04-09T18:43:51.000Z,20.99,64.82,BuildingA_Floor1,TypeA
1088,2025-04-06T05:43:34.000Z,16.75,57.1,BuildingA_Floor2,TypeB
1022,2025-04-07T20:58:39.000Z,29.28,53.52,BuildingB_Floor2,TypeA
1067,2025-04-09T00:08:03.000Z,20.22,32.65,BuildingA_Floor1,TypeB
1095,2025-04-06T10:46:10.000Z,16.01,44.69,BuildingA_Floor2,TypeB
1057,2025-04-10T09:34:40.000Z,26.47,79.38,BuildingB_Floor1,TypeB
1037,2025-04-06T17:04:39.000Z,19.99,33.65,BuildingB_Floor1,TypeC
1019,2025-04-06T22:51:04.000Z,18.74,63.84,BuildingA_Floor1,TypeA
1025,2025-04-07T17:50:57.000Z,31.04,36.97,BuildingB_Floor1,TypeB
1058,2025-04-10T09:26:57.000Z,33.97,76.32,BuildingA_Floor1,TypeA
1049,2025-04-08T15:04:58.000Z,22.99,72.56,BuildingA_Floor1,TypeB
1090,2025-04-06T06:08:01.000Z,15.34,69.96,BuildingB_Floor2,TypeA
1082,2025-04-10T16:44:32.000Z,17.2,38.37,BuildingB_Floor2,TypeA
1024,2025-04-08T07:44:28.000Z,17.07,49.05,BuildingA_Floor2,TypeB
1074,2025-04-09T00:36:13.000Z,19.15,40.53,BuildingA_Floor2,TypeA
1051,2025-04-08T14:11:19.000Z,25.36,63.46,BuildingB_Floor1,TypeA
1065,2025-04-06T05:27:27.000Z,19.66,44.15,BuildingB_Floor1,TypeA
1006,2025-04-07T21:55:31.000Z,23.28,74.14,BuildingB_Floor2,TypeA
1034,2025-04-06T08:12:21.000Z,30.7,37.53,BuildingA_Floor2,TypeA
1053,2025-04-08T13:35:27.000Z,23.65,47.2,BuildingA_Floor1,TypeB
1066,2025-04-10T15:34:07.000Z,24.53,59.59,BuildingB_Floor1,TypeC
1057,2025-04-08T07:00:11.000Z,32.76,79.09,BuildingA_Floor2,TypeA
1005,2025-04-07T08:04:23.000Z,21.12,42.91,BuildingA_Floor2,TypeB
1067,2025-04-10T02:02:56.000Z,29.36,38.21,BuildingB_Floor2,TypeC
1001,2025-04-08T03:52:02.000Z,21.32,77.52,BuildingA_Floor2,TypeC
1088,2025-04-08T00:58:18.000Z,31.96,70.92,BuildingB_Floor2,TypeA
1000,2025-04-06T11:38:00.000Z,16.09,74.36,BuildingB_Floor1,TypeA
1065,2025-04-06T17:58:30.000Z,29.45,78.26,BuildingB_Floor2,TypeB
1088,2025-04-06T04:45:42.000Z,28.76,68.02,BuildingA_Floor1,TypeC
1028,2025-04-08T08:25:53.000Z,31.0,41.24,BuildingA_Floor2,TypeA
1082,2025-04-08T01:06:22.000Z,32.6,31.89,BuildingB_Floor2,TypeA
1030,2025-04-06T22:32:41.000Z,22.45,64.78,BuildingB_Floor1,TypeA
1020,2025-04-09T06:01:14.000Z,20.53,41.85,BuildingA_Floor2,TypeC
1093,2025-04-09T20:16:51.000Z,24.92,32.55,BuildingB_Floor1,TypeB
1026,2025-04-08T04:46:21.000Z,32.49,65.1,BuildingA_Floor2,TypeC
1072,2025-04-06T08:58:45.000Z,26.97,79.0,BuildingB_Floor2,TypeC
1033,2025-04-07T00:44:04.000Z,26.18,72.7,BuildingA_Floor2,TypeB
1065,2025-04-09T22:40:53.000Z,29.98,30.88,BuildingB_Floor2,TypeC
1007,2025-04-07T18:57:54.000Z,21.59,72.28,BuildingB_Floor2,TypeA
1028,2025-04-07T08:57:51.000Z,34.61,52.21,BuildingA_Floor2,TypeA
1073,2025-04-06T15:19:08.000Z,27.15,50.28,BuildingB_Floor2,TypeC
1093,2025-04-08T04:55:18.000Z,28.8,51.4,BuildingB_Floor1,TypeB
1098,2025-04-10T20:01:39.000Z,15.25,79.46,BuildingA_Floor2,TypeC
1057,2025-04-06T09:20:12.000Z,26.71,66.1,BuildingB_Floor2,TypeC
1100,2025-04-07T05:31:21.000Z,30.37,58.18,BuildingA_Floor1,TypeA
1012,2025-04-10T01:24:25.000Z,16.31,67.69,BuildingB_Floor1,TypeA
1078,2025-04-06T18:59:56.000Z,17.79,62.6,BuildingA_Floor1,TypeB
1057,2025-04-06T15:26:10.000Z,34.12,76.23,BuildingA_Floor2,TypeB
1090,2025-04-07T21:18:17.000Z,17.77,60.15,BuildingB_Floor1,TypeB
1016,2025-04-09T06:40:44.000Z,22.1,60.19,BuildingB_Floor2,TypeA
1013,2025-04-07T21:02:24.000Z,19.37,75.31,BuildingA_Floor1,TypeC
1073,2025-04-09T12:43:33.000Z,15.87,59.41,BuildingA_Floor2,TypeA
1015,2025-04-10T19:16:18.000Z,29.87,38.86,BuildingA_Floor2,TypeB
1081,2025-04-10T09:10:58.000Z,31.96,59.4,BuildingB_Floor1,TypeA
1017,2025-04-09T03:33:01.000Z,26.22,58.31,BuildingB_Floor2,TypeC
1045,2025-04-08T19:12:05.000Z,31.14,52.86,BuildingB_Floor1,TypeC
1004,2025-04-07T11:42:39.000Z,24.66,73.41,BuildingB_Floor2,TypeC
1023,2025-04-06T17:02:10.000Z,20.15,37.65,BuildingA_Floor1,TypeA
1086,2025-04-09T18:24:41.000Z,30.77,71.81,BuildingB_Floor2,TypeA
1037,2025-04-07T23:18:27.000Z,30.9,66.46,BuildingA_Floor2,TypeA
1043,2025-04-07T06:47:30.000Z,18.34,67.39,BuildingB_Floor2,TypeA
1046,2025-04-10T19:59:33.000Z,24.22,35.12,BuildingB_Floor1,TypeB
1036,2025-04-07T18:53:37.000Z,17.96,57.72,BuildingB_Floor1,TypeC
1054,2025-04-08T18:45:03.000Z,29.52,65.45,BuildingB_Floor1,TypeC
1041,2025-04-05T21:53:47.000Z,27.67,70.13,BuildingB_Floor1,TypeB
1090,2025-04-06T17:58:49.000Z,30.8,73.53,BuildingB_Floor2,TypeC
1008,2025-04-09T18:38:27.000Z,22.3,63.73,BuildingB_Floor1,TypeC
1056,2025-04-10T09:50:16.000Z,17.4,79.8,BuildingB_Floor1,TypeA
1047,2025-04-10T12:52:21.000Z,28.15,49.65,BuildingA_Floor1,TypeA
1098,2025-04-10T02:08:08.000Z,27.68,31.54,BuildingB_Floor2,TypeA
1064,2025-04-09T00:20:41.000Z,16.93,46.59,BuildingA_Floor1,TypeA
1087,2025-04-10T00:02:20.000Z,33.73,45.35,BuildingA_Floor1,TypeA
1054,2025-04-06T09:10:19.000Z,21.27,61.49,BuildingB_Floor2,TypeC
1089,2025-04-09T03:12:23.000Z,32.32,34.89,BuildingB_Floor1,TypeB
1067,2025-04-10T07:27:05.000Z,26.78,77.58,BuildingA_Floor1,TypeA
1045,2025-04-08T12:16:41.000Z,18.03,54.07,BuildingA_Floor1,TypeC
1044,2025-04-08T15:05:56.000Z,17.66,42.58,BuildingB_Floor2,TypeA
1018,2025-04-09T13:35:01.000Z,30.57,45.77,BuildingB_Floor2,TypeC
1091,2025-04-08T07:38:03.000Z,21.15,61.69,BuildingB_Floor1,TypeA
1003,2025-04-08T02:01:36.000Z,33.6,79.91,BuildingB_Floor1,TypeC
1008,2025-04-09T05:19:02.000Z,15.55,61.4,BuildingA_Floor2,TypeB
1074,2025-04-06T04:37:40.000Z,26.43,66.83,BuildingA_Floor1,TypeA
1030,2025-04-10T07:54:37.000Z,18.25,45.84,BuildingA_Floor1,TypeB
1049,2025-04-09T04:39:39.000Z,20.12,36.82,BuildingA_Floor1,TypeB
1079,2025-04-09T11:43:46.000Z,23.38,70.9,BuildingA_Floor2,TypeA
1075,2025-04-06T15:15:23.000Z,26.59,74.4,BuildingA_Floor2,TypeA
1016,2025-04-09T01:27:18.000Z,33.47,43.83,BuildingB_Floor2,TypeC
1032,2025-04-07T05:34:53.000Z,15.36,72.64,BuildingB_Floor2,TypeC
1070,2025-04-06T13:20:56.000Z,20.33,47.02,BuildingB_Floor2,TypeC
1061,2025-04-08T11:50:03.000Z,32.44,73.52,BuildingB_Floor2,TypeC
1090,2025-04-07T14:39:04.000Z,31.62,49.62,BuildingB_Floor1,TypeA
1075,2025-04-09T16:15:24.000Z,20.42,65.11,BuildingB_Floor2,TypeB
1059,2025-04-07T13:27:06.000Z,15.99,35.08,BuildingA_Floor1,TypeC
1052,2025-04-06T12:01:58.000Z,24.28,66.36,BuildingB_Floor1,TypeB
1022,2025-04-09T15:23:07.000Z,31.71,51.99,BuildingB_Floor1,TypeA
1098,2025-04-06T00:44:12.000Z,33.45,63.44,BuildingA_Floor2,TypeB
1083,2025-04-08T07:45:32.000Z,33.0,77.78,BuildingA_Floor1,TypeB
1094,2025-04-07T03:18:46.000Z,30.31,51.67,BuildingA_Floor1,TypeC
1071,2025-04-09T20:04:27.000Z,15.21,63.23,BuildingB_Floor2,TypeB
1060,2025-04-10T15:52:14.000Z,15.98,56.41,BuildingB_Floor1,TypeB
1019,2025-04-07T21:17:31.000Z,15.88,74.9,BuildingA_Floor1,TypeB
1017,2025-04-10T07:18:41.000Z,15.52,32.92,BuildingA_Floor1,TypeB
1059,2025-04-10T13:28:11.000Z,16.58,52.58,BuildingA_Floor2,TypeC
1072,2025-04-10T01:59:50.000Z,28.92,65.53,BuildingA_Floor1,TypeA
1043,2025-04-10T18:41:08.000Z,15.07,31.83,BuildingB_Floor2,TypeA
1085,2025-04-10T13:41:02.000Z,18.82,42.02,BuildingB_Floor2,TypeA
1020,2025-04-07T12:03:29.000Z,17.06,73.85,BuildingB_Floor1,TypeA
1005,2025-04-10T17:25:57.000Z,32.86,49.63,BuildingB_Floor2,TypeB
1083,2025-04-07T04:42:59.000Z,27.17,53.84,BuildingA_Floor1,TypeC
1006,2025-04-10T08:27:55.000Z,15.58,69.65,BuildingB_Floor2,TypeC
1073,2025-04-09T07:40:11.000Z,32.27,33.02,BuildingA_Floor1,TypeA
1048,2025-04-09T11:35:50.000Z,24.63,55.61,BuildingA_Floor1,TypeC
1076,2025-04-10T16:25:11.000Z,32.38,43.36,BuildingA_Floor1,TypeA
1074,2025-04-10T18:34:26.000Z,22.7,52.44,BuildingA_Floor2,TypeA
1019,2025-04-06T11:06:17.000Z,17.27,53.8,BuildingA_Floor1,TypeA
1083,2025-04-06T14:32:20.000Z,29.75,71.72,BuildingB_Floor1,TypeA
1069,2025-04-07T18:24:22.000Z,17.74,79.51,BuildingA_Floor1,TypeA
1088,2025-04-06T04:15:18.000Z,15.1,39.79,BuildingB_Floor1,TypeC
1099,2025-04-06T16:20:07.000Z,18.73,50.35,BuildingB_Floor1,TypeA
1095,2025-04-08T05:47:17.000Z,19.88,78.39,BuildingA_Floor2,TypeC
1019,2025-04-09T07:02:39.000Z,30.67,51.64,BuildingA_Floor2,TypeA
1062,2025-04-09T06:43:25.000Z,27.29,42.72,BuildingA_Floor2,TypeA
1095,2025-04-08T00:41:52.000Z,32.48,36.98,BuildingA_Floor2,TypeB
1017,2025-04-08T03:52:33.000Z,16.71,36.65,BuildingA_Floor2,TypeA
1040,2025-04-07T17:00:14.000Z,23.77,34.88,BuildingB_Floor2,TypeC
1002,2025-04-06T19:18:44.000Z,30.88,62.56,BuildingB_Floor2,TypeA
1048,2025-04-07T01:05:31.000Z,28.83,58.11,BuildingB_Floor1,TypeB
1045,2025-04-07T12:44:28.000Z,18.82,35.45,BuildingA_Floor1,TypeC
1065,2025-04-09T13:57:24.000Z,31.41,41.89,BuildingA_Floor2,TypeA
1066,2025-04-07T01:11:19.000Z,34.55,47.75,BuildingA_Floor1,TypeA
1095,2025-04-06T06:32:51.000Z,33.68,54.02,BuildingB_Floor2,TypeB
1062,2025-04-07T00:19:55.000Z,22.48,32.66,BuildingB_Floor1,TypeB
1004,2025-04-08T16:27:00.000Z,16.16,35.96,BuildingB_Floor1,TypeB
1072,2025-04-09T05:46:50.000Z,22.91,63.24,BuildingA_Floor2,TypeA
1057,2025-04-08T05:03:27.000Z,21.89,68.61,BuildingA_Floor2,TypeB
1006,2025-04-06T02:27:43.000Z,15.13,69.98,BuildingB_Floor2,TypeB
1064,2025-04-10T13:59:49.000Z,17.1,41.45,BuildingB_Floor1,TypeA
1032,2025-04-08T04:53:04.000Z,20.03,73.16,BuildingB_Floor1,TypeA
1063,2025-04-10T02:17:47.000Z,25.22,61.94,BuildingB_Floor1,TypeC
1009,2025-04-09T13:58:17.000Z,24.22,45.36,BuildingA_Floor1,TypeC
1026,2025-04-10T11:09:59.000Z,18.6,55.98,BuildingA_Floor1,TypeA
1032,2025-04-07T04:06:50.000Z,27.73,56.09,BuildingB_Floor2,TypeB
1047,2025-04-09T09:14:09.000Z,34.75,58.62,BuildingB_Floor1,TypeA
1034,2025-04-08T19:25:01.000Z,22.52,39.71,BuildingB_Floor2,TypeA
1071,2025-04-09T19:59:07.000Z,20.09,39.5,BuildingB_Floor2,TypeC
1044,2025-04-06T01:38:58.000Z,30.6,66.67,BuildingB_Floor1,TypeB
1033,2025-04-10T18:15:20.000Z,26.17,36.56,BuildingA_Floor2,TypeC
1075,2025-04-10T00:07:08.000Z,15.82,63.55,BuildingA_Floor2,TypeA
1075,2025-04-10T01:18:31.000Z,15.34,34.76,BuildingA_Floor1,TypeB
1063,2025-04-08T04:15:51.000Z,15.51,68.35,BuildingA_Floor2,TypeB
1040,2025-04-06T22:26:09.000Z,24.81,45.97,BuildingA_Floor1,TypeC
1052,2025-04-06T11:13:40.000Z,23.77,36.03,BuildingB_Floor1,TypeB
1038,2025-04-09T03:59:07.000Z,30.89,30.78,BuildingB_Floor2,TypeA
1025,2025-04-06T14:48:05.000Z,34.62,78.55,BuildingA_Floor2,TypeA
1056,2025-04-09T11:00:08.000Z,23.3,73.14,BuildingB_Floor1,TypeC
1041,2025-04-06T20:55:30.000Z,34.41,41.73,BuildingB_Floor1,TypeB
1043,2025-04-08T01:59:41.000Z,17.72,34.9,BuildingB_Floor1,TypeA
1019,2025-04-07T16:18:00.000Z,17.08,38.83,BuildingB_Floor1,TypeB
1073,2025-04-09T06:11:42.000Z,21.37,48.26,BuildingA_Floor1,TypeB
1061,2025-04-07T04:21:41.000Z,19.35,43.94,BuildingB_Floor2,TypeC
1089,2025-04-06T16:32:34.000Z,23.32,67.96,BuildingB_Floor1,TypeB
1060,2025-04-10T02:04:43.000Z,16.5,62.22,BuildingA_Floor2,TypeC
1067,2025-04-07T03:34:46.000Z,30.57,65.48,BuildingA_Floor2,TypeB
1061,2025-04-08T18:50:20.000Z,21.21,43.12,BuildingA_Floor2,TypeA
1040,2025-04-08T02:19:36.000Z,26.19,32.96,BuildingB_Floor2,TypeC
1064,2025-04-10T13:11:27.000Z,19.15,79.85,BuildingA_Floor2,TypeB
1063,2025-04-10T13:42:49.000Z,15.81,56.16,BuildingA_Floor1,TypeA
1045,2025-04-06T15:07:00.000Z,15.43,45.14,BuildingA_Floor2,TypeC
1098,2025-04-07T19:13:27.000Z,29.1,72.6,BuildingB_Floor1,TypeB
1093,2025-04-08T01:36:18.000Z,33.28,33.61,BuildingA_Floor2,TypeA
1085,2025-04-07T16:48:24.000Z,27.61,79.53,BuildingA_Floor1,TypeA
1010,2025-04-06T04:39:50.000Z,31.46,52.29,BuildingB_Floor2,TypeB
1063,2025-04-10T17:30:03.000Z,22.25,74.29,BuildingA_Floor2,TypeC
1077,2025-04-10T10:06:06.000Z,31.29,73.52,BuildingB_Floor1,TypeB
1053,2025-04-07T17:21:21.000Z,30.32,36.71,BuildingA_Floor1,TypeA
1084,2025-04-06T03:54:18.000Z,23.07,43.58,BuildingA_Floor1,TypeC
1061,2025-04-10T18:34:54.000Z,27.64,61.9,BuildingA_Floor1,TypeC
1023,2025-04-09T01:22:14.000Z,28.01,38.26,BuildingA_Floor2,TypeA
1036,2025-04-08T23:10:42.000Z,27.97,70.69,BuildingB_Floor1,TypeC
1057,2025-04-05T22:10:30.000Z,21.86,65.7,BuildingA_Floor1,TypeB
1070,2025-04-07T11:58:56.000Z,20.96,43.24,BuildingA_Floor2,TypeB
1079,2025-04-07T14:38:17.000Z,33.38,48.73,BuildingA_Floor2,TypeA
1045,2025-04-10T07:44:48.000Z,15.22,47.57,BuildingA_Floor1,TypeB
1042,2025-04-09T02:13:57.000Z,15.56,79.1,BuildingB_Floor1,TypeC
1008,2025-04-09T00:20:23.000Z,25.91,43.18,BuildingB_Floor1,TypeB
1063,2025-04-10T19:34:29.000Z,23.63,36.79,BuildingA_Floor2,TypeB
1017,2025-04-06T09:31:14.000Z,18.09,64.47,BuildingB_Floor2,TypeC
1093,2025-04-07T04:08:11.000Z,34.74,61.54,BuildingB_Floor2,TypeB
1090,2025-04-08T14:57:15.000Z,23.43,79.62,BuildingB_Floor2,TypeA
1049,2025-04-06T21:11:12.000Z,26.7,53.58,BuildingA_Floor2,TypeA
1023,2025-04-10T18:23:57.000Z,30.12,70.99,BuildingB_Floor2,TypeC
1068,2025-04-07T18:14:48.000Z,26.52,37.52,BuildingA_Floor2,TypeB
1094,2025-04-06T04:41:12.000Z,17.86,73.12,BuildingA_Floor1,TypeB
1019,2025-04-10T07:25:09.000Z,24.39,64.3,BuildingA_Floor2,TypeB
1057,2025-04-06T00:12:03.000Z,18.35,62.79,BuildingB_Floor1,TypeA
1086,2025-04-09T23:36:24.000Z,18.17,48.89,BuildingA_Floor2,TypeB
1069,2025-04-06T00:31:54.000Z,17.44,74.9,BuildingA_Floor1,TypeA
1044,2025-04-07T15:53:18.000Z,15.99,36.69,BuildingB_Floor1,TypeA
1031,2025-04-07T07:44:47.000Z,29.25,53.14,BuildingB_Floor1,TypeB
1012,2025-04-10T13:24:42.000Z,26.43,65.91,BuildingA_Floor1,TypeA
1012,2025-04-09T03:15:05.000Z,17.54,35.89,BuildingB_Floor2,TypeA
1076,2025-04-06T06:41:24.000Z,28.32,40.94,BuildingA_Floor1,TypeB
1047,2025-04-08T14:56:39.000Z,29.8,51.48,BuildingB_Floor1,TypeB
1087,2025-04-07T12:19:48.000Z,34.39,47.5,BuildingA_Floor2,TypeC
1099,2025-04-07T20:56:01.000Z,28.23,38.34,BuildingA_Floor1,TypeB
1074,2025-04-09T02:33:08.000Z,34.39,69.18,BuildingB_Floor1,TypeC
1033,2025-04-08T09:06:34.000Z,30.66,49.03,BuildingB_Floor2,TypeC
1100,2025-04-06T04:52:55.000Z,23.73,32.44,BuildingA_Floor2,TypeC
1003,2025-04-08T05:42:34.000Z,24.47,56.48,BuildingB_Floor2,TypeC
1043,2025-04-08T09:12:14.000Z,16.2,46.77,BuildingA_Floor1,TypeA
1012,2025-04-07T05:21:29.000Z,26.14,76.34,BuildingA_Floor2,TypeB
1073,2025-04-08T19:15:09.000Z,23.95,32.53,BuildingB_Floor1,TypeC
1085,2025-04-07T06:10:26.000Z,15.98,67.07,BuildingA_Floor2,TypeB
1024,2025-04-07T23:29:37.000Z,29.89,52.89,BuildingA_Floor2,TypeA
1092,2025-04-08T20:28:43.000Z,32.05,47.08,BuildingB_Floor1,TypeA
1080,2025-04-09T03:29:39.000Z,16.92,42.51,BuildingA_Floor1,TypeA
1097,2025-04-07T09:57:56.000Z,34.42,43.76,BuildingB_Floor2,TypeB
1087,2025-04-08T13:52:41.000Z,17.75,63.43,BuildingB_Floor1,TypeC
1086,2025-04-06T05:30:19.000Z,25.67,62.1,BuildingA_Floor2,TypeB
1090,2025-04-08T15:21:53.000Z,24.48,58.35,BuildingA_Floor1,TypeB
1074,2025-04-10T14:11:33.000Z,19.49,72.24,BuildingA_Floor2,TypeB
1023,2025-04-05T22:05:58.000Z,18.26,37.4,BuildingA_Floor2,TypeB
1079,2025-04-07T03:00:30.000Z,20.07,74.43,BuildingA_Floor2,TypeB
1082,2025-04-06T09:31:03.000Z,23.62,57.8,BuildingB_Floor1,TypeA
1035,2025-04-10T10:11:48.000Z,26.11,69.14,BuildingA_Floor2,TypeB
1084,2025-04-08T19:42:00.000Z,27.35,42.24,BuildingB_Floor2,TypeC
1036,2025-04-06T05:03:32.000Z,18.91,38.29,BuildingA_Floor1,TypeA
1005,2025-04-10T08:16:23.000Z,29.56,36.69,BuildingB_Floor2,TypeC
1083,2025-04-08T17:35:12.000Z,30.64,49.67,BuildingB_Floor2,TypeB
1051,2025-04-09T06:25:22.000Z,28.42,38.24,BuildingA_Floor2,TypeB
1025,2025-04-09T06:28:56.000Z,20.54,51.72,BuildingA_Floor2,TypeC
1027,2025-04-08T14:53:09.000Z,25.55,56.53,BuildingA_Floor1,TypeC
1083,2025-04-08T16:10:28.000Z,30.63,61.32,BuildingB_Floor2,TypeB
1014,2025-04-07T15:45:02.000Z,27.82,56.62,BuildingB_Floor2,TypeB
1048,2025-04-10T06:58:09.000Z,23.07,58.41,BuildingA_Floor2,TypeB
1085,2025-04-06T15:00:12.000Z,23.44,77.86,BuildingA_Floor2,TypeA
1068,2025-04-08T00:28:26.000Z,20.39,47.16,BuildingA_Floor1,TypeB
1023,2025-04-09T04:57:26.000Z,27.27,62.8,BuildingB_Floor1,TypeC
1055,2025-04-07T19:39:58.000Z,24.16,68.78,BuildingA_Floor1,TypeB
1078,2025-04-08T09:19:09.000Z,32.35,49.73,BuildingA_Floor2,TypeA
1074,2025-04-10T08:16:07.000Z,30.59,75.64,BuildingA_Floor2,TypeC
1087,2025-04-07T19:21:15.000Z,17.34,56.47,BuildingA_Floor1,TypeB
1002,2025-04-06T10:14:46.000Z,28.92,41.07,BuildingA_Floor1,TypeB
1076,2025-04-08T14:52:36.000Z,28.95,42.86,BuildingA_Floor2,TypeC
1088,2025-04-06T16:50:56.000Z,24.24,32.02,BuildingB_Floor2,TypeA
1065,2025-04-08T22:27:50.000Z,16.05,59.77,BuildingA_Floor1,TypeA
1070,2025-04-09T18:40:54.000Z,25.06,34.89,BuildingA_Floor2,TypeB
1099,2025-04-10T21:14:15.000Z,22.5,74.34,BuildingB_Floor2,TypeA
1043,2025-04-09T23:44:32.000Z,18.13,72.49,BuildingB_Floor2,TypeC
1044,2025-04-06T08:59:05.000Z,33.64,61.31,BuildingA_Floor1,TypeC
1001,2025-04-10T04:35:55.000Z,28.31,38.53,BuildingB_Floor2,TypeA
1008,2025-04-10T00:57:44.000Z,33.94,75.68,BuildingB_Floor2,TypeB
1004,2025-04-10T18:18:06.000Z,28.65,66.82,BuildingB_Floor1,TypeB
1044,2025-04-10T02:35:02.000Z,33.16,39.98,BuildingA_Floor2,TypeB
1051,2025-04-07T04:42:56.000Z,31.71,32.81,BuildingB_Floor1,TypeA
1098,2025-04-07T06:55:38.000Z,31.6,59.29,BuildingA_Floor2,TypeB
1099,2025-04-09T20:55:14.000Z,24.69,45.16,BuildingB_Floor2,TypeB
1059,2025-04-07T12:28:06.000Z,30.3,73.31,BuildingA_Floor1,TypeB
1099,2025-04-08T00:49:07.000Z,26.81,76.41,BuildingA_Floor1,TypeC
1015,2025-04-08T11:32:23.000Z,32.31,69.99,BuildingB_Floor2,TypeA
1005,2025-04-07T01:50:13.000Z,27.95,34.46,BuildingA_Floor2,TypeC
1038,2025-04-08T03:23:14.000Z,28.23,65.86,BuildingA_Floor1,TypeA
1078,2025-04-06T01:31:18.000Z,16.89,40.3,BuildingA_Floor1,TypeB
1033,2025-04-06T13:05:06.000Z,21.7,77.07,BuildingB_Floor1,TypeC
1082,2025-04-07T21:53:20.000Z,33.12,55.34,BuildingB_Floor2,TypeA
1055,2025-04-10T08:11:07.000Z,19.84,52.89,BuildingB_Floor2,TypeC
1040,2025-04-09T04:36:30.000Z,25.94,68.9,BuildingB_Floor1,TypeB
1012,2025-04-09T09:35:23.000Z,17.13,47.89,BuildingA_Floor1,TypeA
1025,2025-04-06T12:21:25.000Z,29.36,40.56,BuildingB_Floor2,TypeA
1080,2025-04-06T10:46:32.000Z,22.22,70.35,BuildingB_Floor1,TypeB
1052,2025-04-10T14:52:12.000Z,23.58,61.03,BuildingB_Floor2,TypeB
1022,2025-04-07T14:42:47.000Z,21.68,66.85,BuildingB_Floor2,TypeA
1007,2025-04-08T13:42:44.000Z,21.83,77.99,BuildingA_Floor2,TypeB
1052,2025-04-09T23:21:54.000Z,34.9,44.19,BuildingA_Floor1,TypeB
1033,2025-04-07T13:45:15.000Z,21.29,73.3,BuildingB_Floor2,TypeC
1098,2025-04-08T05:21:53.000Z,26.79,62.24,BuildingA_Floor1,TypeA
1003,2025-04-06T03:15:52.000Z,18.35,35.29,BuildingA_Floor1,TypeC
1075,2025-04-08T05:18:31.000Z,32.05,31.9,BuildingB_Floor2,TypeC
1095,2025-04-08T14:42:57.000Z,33.58,45.84,BuildingA_Floor1,TypeB
1083,2025-04-07T22:21:14.000Z,34.01,53.92,BuildingB_Floor1,TypeC
1063,2025-04-07T19:30:32.000Z,24.42,61.14,BuildingA_Floor2,TypeA
1039,2025-04-08T10:32:54.000Z,28.03,62.19,BuildingB_Floor1,TypeB
1015,2025-04-08T15:12:32.000Z,17.31,36.62,BuildingA_Floor1,TypeA
1066,2025-04-07T13:23:34.000Z,20.41,58.19,BuildingB_Floor2,TypeC
1042,2025-04-09T12:16:19.000Z,24.33,62.43,BuildingB_Floor1,TypeA
1047,2025-04-07T10:37:59.000Z,34.14,47.82,BuildingB_Floor2,TypeC
1093,2025-04-10T04:03:26.000Z,34.36,50.35,BuildingA_Floor2,TypeC
1031,2025-04-07T06:15:30.000Z,32.09,30.1,BuildingA_Floor2,TypeB
1060,2025-04-07T06:23:37.000Z,20.99,44.05,BuildingA_Floor2,TypeA
1036,2025-04-06T09:47:31.000Z,27.64,71.49,BuildingB_Floor2,TypeC
1058,2025-04-05T23:25:28.000Z,18.25,55.54,BuildingB_Floor1,TypeA
1063,2025-04-08T07:39:13.000Z,22.68,34.28,BuildingA_Floor1,TypeA
1015,2025-04-09T07:16:01.000Z,19.03,36.74,BuildingA_Floor2,TypeA
1027,2025-04-09T05:24:35.000Z,34.85,51.22,BuildingA_Floor2,TypeC
1083,2025-04-10T13:22:16.000Z,22.06,61.04,BuildingB_Floor2,TypeA
1081,2025-04-07T09:12:00.000Z,16.75,31.72,BuildingB_Floor2,TypeB
1089,2025-04-08T12:03:22.000Z,31.22,69.37,BuildingB_Floor2,TypeA
1024,2025-04-07T04:32:52.000Z,30.57,79.16,BuildingA_Floor2,TypeB
1057,2025-04-06T00:03:39.000Z,22.56,53.87,BuildingB_Floor1,TypeA
1031,2025-04-09T11:46:38.000Z,27.72,31.23,BuildingB_Floor1,TypeA
1027,2025-04-06T22:44:11.000Z,26.49,59.44,BuildingA_Floor1,TypeB
1006,2025-04-06T14:28:41.000Z,32.66,64.68,BuildingB_Floor1,TypeA
1048,2025-04-06T03:54:46.000Z,20.2,43.51,BuildingB_Floor2,TypeC
1071,2025-04-05T23:58:16.000Z,21.45,33.18,BuildingB_Floor2,TypeB
1035,2025-04-09T13:41:08.000Z,29.1,37.49,BuildingA_Floor1,TypeB
1056,2025-04-09T00:28:08.000Z,20.27,38.32,BuildingA_Floor2,TypeC
1066,2025-04-07T15:59:52.000Z,25.95,58.14,BuildingA_Floor1,TypeA
1095,2025-04-09T16:18:01.000Z,25.03,59.55,BuildingB_Floor1,TypeA
1088,2025-04-06T23:51:19.000Z,29.73,40.37,BuildingB_Floor2,TypeA
1039,2025-04-07T06:04:05.000Z,34.24,78.68,BuildingB_Floor2,TypeC
1025,2025-04-07T13:58:04.000Z,19.2,31.8,BuildingB_Floor1,TypeA
1016,2025-04-09T11:08:33.000Z,32.99,59.27,BuildingA_Floor2,TypeB
1007,2025-04-09T02:31:34.000Z,31.85,39.14,BuildingA_Floor2,TypeA
1015,2025-04-09T17:17:30.000Z,25.6,40.53,BuildingA_Floor1,TypeA
1035,2025-04-10T12:03:18.000Z,16.2,72.76,BuildingA_Floor1,TypeC
1026,2025-04-09T22:37:25.000Z,21.35,41.96,BuildingA_Floor1,TypeA
1065,2025-04-10T08:39:51.000Z,26.13,79.83,BuildingB_Floor2,TypeB
1063,2025-04-07T03:55:24.000Z,29.7,34.11,BuildingA_Floor2,TypeA
1073,2025-04-10T09:02:13.000Z,24.91,76.98,BuildingB_Floor2,TypeB
1060,2025-04-08T13:12:48.000Z,31.95,56.31,BuildingB_Floor1,TypeB
1032,2025-04-10T08:03:29.000Z,20.85,69.87,BuildingA_Floor2,TypeA
1093,2025-04-06T02:32:47.000Z,33.17,44.93,BuildingB_Floor1,TypeC
1083,2025-04-08T21:54:46.000Z,29.01,32.4,BuildingB_Floor1,TypeB
1051,2025-04-07T22:31:10.000Z,23.38,51.4,BuildingA_Floor2,TypeC
1016,2025-04-08T20:19:05.000Z,19.12,43.74,BuildingA_Floor1,TypeB
1020,2025-04-10T18:23:29.000Z,30.86,32.26,BuildingA_Floor1,TypeA
1093,2025-04-06T02:16:41.000Z,32.93,72.42,BuildingB_Floor1,TypeB
1040,2025-04-09T20:31:26.000Z,17.5,48.67,BuildingA_Floor1,TypeB
1054,2025-04-06T04:44:49.000Z,28.24,58.36,BuildingB_Floor2,TypeC
1005,2025-04-10T07:06:56.000Z,19.71,44.6,BuildingA_Floor2,TypeC
1089,2025-04-06T13:21:07.000Z,28.39,52.66,BuildingA_Floor1,TypeA
1078,2025-04-06T14:34:32.000Z,16.84,45.2,BuildingB_Floor1,TypeB
1093,2025-04-09T11:13:06.000Z,17.03,48.96,BuildingA_Floor2,TypeA
1076,2025-04-08T16:54:39.000Z,21.07,30.16,BuildingA_Floor1,TypeB
1025,2025-04-09T16:27:39.000Z,27.04,36.15,BuildingA_Floor2,TypeA
1007,2025-04-07T08:19:44.000Z,20.15,30.29,BuildingA_Floor2,TypeC
1047,2025-04-06T14:40:00.000Z,24.92,35.85,BuildingB_Floor1,TypeB
1098,2025-04-08T15:48:11.000Z,19.11,66.24,BuildingA_Floor2,TypeB
1028,2025-04-08T17:21:49.000Z,32.54,46.95,BuildingB_Floor1,TypeC
1033,2025-04-05T21:27:41.000Z,16.76,42.13,BuildingB_Floor2,TypeA
1065,2025-04-10T11:49:07.000Z,21.99,56.2,BuildingB_Floor1,TypeB
1077,2025-04-09T00:47:32.000Z,26.13,79.67,BuildingA_Floor1,TypeB
1094,2025-04-09T18:43:14.000Z,34.6,57.5,BuildingB_Floor1,TypeC
1081,2025-04-10T11:48:54.000Z,32.37,78.55,BuildingA_Floor2,TypeA
1068,2025-04-07T15:47:14.000Z,17.99,53.77,BuildingB_Floor1,TypeA
1092,2025-04-10T13:25:04.000Z,15.08,66.93,BuildingB_Floor2,TypeC
1077,2025-04-07T00:57:24.000Z,27.0,69.06,BuildingB_Floor1,TypeB
1042,2025-04-09T23:58:50.000Z,26.17,41.62,BuildingA_Floor2,TypeC
1084,2025-04-07T18:57:04.000Z,29.04,40.34,BuildingB_Floor2,TypeB
1006,2025-04-10T09:25:24.000Z,30.07,79.58,BuildingA_Floor2,TypeA
1089,2025-04-08T09:50:03.000Z,16.37,70.27,BuildingB_Floor1,TypeA
1034,2025-04-09T14:42:11.000Z,29.67,36.95,BuildingA_Floor1,TypeA
1003,2025-04-09T01:20:35.000Z,26.58,49.31,BuildingB_Floor2,TypeA
1044,2025-04-08T10:25:33.000Z,24.47,37.96,BuildingA_Floor1,TypeA
1076,2025-04-06T05:08:57.000Z,27.9,37.63,BuildingB_Floor2,TypeB
1012,2025-04-10T14:15:24.000Z,33.63,65.26,BuildingA_Floor2,TypeA
1020,2025-04-09T14:56:04.000Z,30.18,75.84,BuildingB_Floor1,TypeB
1034,2025-04-07T11:42:01.000Z,31.15,47.83,BuildingA_Floor2,TypeB
1038,2025-04-10T20:51:21.000Z,34.59,49.77,BuildingA_Floor1,TypeC
1031,2025-04-08T09:27:48.000Z,28.22,67.77,BuildingA_Floor2,TypeA
1053,2025-04-09T07:53:06.000Z,28.8,50.07,BuildingB_Floor1,TypeB
1079,2025-04-09T21:26:32.000Z,15.4,47.13,BuildingA_Floor1,TypeA
1004,2025-04-07T12:47:41.000Z,22.81,62.14,BuildingB_Floor1,TypeA
1061,2025-04-09T17:42:32.000Z,22.6,75.47,BuildingA_Floor2,TypeA
1029,2025-04-06T01:47:33.000Z,20.94,71.99,BuildingA_Floor2,TypeA
1089,2025-04-08T06:11:55.000Z,21.78,59.86,BuildingB_Floor1,TypeC
1013,2025-04-06T09:02:44.000Z,32.39,56.93,BuildingB_Floor2,TypeA
1079,2025-04-06T12:54:04.000Z,27.83,32.21,BuildingB_Floor1,TypeA
1080,2025-04-09T00:27:19.000Z,17.41,75.2,BuildingB_Floor2,TypeB
1059,2025-04-07T07:38:26.000Z,18.58,70.18,BuildingB_Floor1,TypeB
1063,2025-04-06T01:14:43.000Z,16.3,34.95,BuildingB_Floor1,TypeC
1009,2025-04-09T01:09:58.000Z,33.68,35.55,BuildingB_Floor2,TypeB
1007,2025-04-10T06:24:27.000Z,34.52,56.85,BuildingB_Floor2,TypeC
1010,2025-04-08T23:21:50.000Z,22.43,34.06,BuildingA_Floor1,TypeB
1089,2025-04-09T15:08:11.000Z,22.34,57.31,BuildingA_Floor1,TypeB
1072,2025-04-09T08:35:22.000Z,20.85,79.58,BuildingB_Floor1,TypeB
1095,2025-04-08T02:14:44.000Z,18.64,58.36,BuildingB_Floor2,TypeB
1079,2025-04-09T08:52:39.000Z,20.22,46.9,BuildingB_Floor1,TypeA
1033,2025-04-07T18:54:02.000Z,23.01,56.13,BuildingA_Floor1,TypeC
1067,2025-04-08T09:05:50.000Z,25.08,54.71,BuildingA_Floor1,TypeA
1024,2025-04-10T00:29:43.000Z,24.05,65.18,BuildingA_Floor2,TypeB
1076,2025-04-09T03:07:31.000Z,20.8,34.21,BuildingA_Floor2,TypeB
1045,2025-04-08T01:50:38.000Z,29.82,58.48,BuildingA_Floor1,TypeA
1095,2025-04-06T18:27:05.000Z,22.1,33.69,BuildingB_Floor2,TypeC
1043,2025-04-07T12:23:21.000Z,17.22,53.36,BuildingA_Floor2,TypeB
1022,2025-04-06T00:49:18.000Z,26.84,43.12,BuildingB_Floor2,TypeB
1004,2025-04-08T09:34:26.000Z,33.62,70.8,BuildingA_Floor2,TypeB
1017,2025-04-09T15:39:30.000Z,27.54,47.08,BuildingA_Floor1,TypeA
1004,2025-04-08T22:37:09.000Z,29.1,59.21,BuildingA_Floor1,TypeA
1073,2025-04-07T21:17:32.000Z,20.32,51.39,BuildingB_Floor1,TypeC
1028,2025-04-07T18:40:08.000Z,30.95,72.76,BuildingB_Floor1,TypeB
1040,2025-04-07T20:53:19.000Z,34.0,43.6,BuildingA_Floor1,TypeC
1038,2025-04-09T14:17:03.000Z,24.77,45.0,BuildingA_Floor2,TypeB
1009,2025-04-09T22:00:28.000Z,31.58,74.35,BuildingB_Floor1,TypeA
1061,2025-04-07T19:36:18.000Z,24.44,63.19,BuildingB_Floor1,TypeC
1032,2025-04-06T15:30:04.000Z,33.41,38.1,BuildingA_Floor2,TypeB
1037,2025-04-10T07:28:17.000Z,26.3,32.82,BuildingB_Floor1,TypeA
1099,2025-04-09T22:33:58.000Z,31.94,35.58,BuildingA_Floor2,TypeA
1050,2025-04-09T18:50:19.000Z,29.56,71.47,BuildingA_Floor1,TypeB
1097,2025-04-08T22:25:23.000Z,29.08,37.54,BuildingA_Floor2,TypeA
1005,2025-04-10T15:03:02.000Z,24.84,44.55,BuildingA_Floor2,TypeA
1018,2025-04-09T16:32:20.000Z,20.16,52.38,BuildingA_Floor1,TypeB
1059,2025-04-08T07:08:20.000Z,26.7,31.38,BuildingA_Floor1,TypeB
1091,2025-04-07T08:20:06.000Z,26.31,69.44,BuildingB_Floor2,TypeA
1053,2025-04-09T18:09:39.000Z,18.4,53.68,BuildingB_Floor2,TypeA
1066,2025-04-06T21:58:45.000Z,30.11,36.49,BuildingA_Floor2,TypeC
1079,2025-04-05T23:48:33.000Z,28.1,35.26,BuildingA_Floor1,TypeB
1045,2025-04-06T21:23:42.000Z,21.86,69.57,BuildingB_Floor1,TypeA
1024,2025-04-07T02:11:52.000Z,26.73,42.82,BuildingB_Floor1,TypeC
1085,2025-04-08T04:58:18.000Z,30.57,72.89,BuildingA_Floor1,TypeC
1008,2025-04-09T23:44:48.000Z,23.25,69.35,BuildingA_Floor2,TypeC
1024,2025-04-09T20:41:50.000Z,34.31,63.98,BuildingB_Floor1,TypeC
1065,2025-04-06T09:00:01.000Z,21.48,75.04,BuildingB_Floor1,TypeC
1072,2025-04-09T22:30:25.000Z,19.86,31.09,BuildingB_Floor1,TypeC
1004,2025-04-08T16:12:51.000Z,34.25,58.89,BuildingA_Floor2,TypeC
1030,2025-04-07T03:01:14.000Z,23.68,42.51,BuildingB_Floor1,TypeB
1069,2025-04-08T11:40:37.000Z,21.69,35.09,BuildingA_Floor1,TypeA
1010,2025-04-09T07:37:58.000Z,19.62,39.87,BuildingB_Floor1,TypeC
1099,2025-04-07T00:15:22.000Z,23.08,75.39,BuildingB_Floor1,TypeC
1004,2025-04-10T15:00:43.000Z,34.69,45.85,BuildingA_Floor2,TypeA
1088,2025-04-07T12:13:43.000Z,29.39,76.06,BuildingB_Floor1,TypeC
1019,2025-04-06T20:56:46.000Z,32.99,74.97,BuildingA_Floor1,TypeC
1099,2025-04-08T06:39:41.000Z,32.44,52.87,BuildingA_Floor2,TypeC
1047,2025-04-08T19:39:07.000Z,24.13,48.89,BuildingB_Floor1,TypeA
1015,2025-04-10T09:58:57.000Z,33.66,31.01,BuildingB_Floor1,TypeA
1053,2025-04-07T06:48:55.000Z,29.83,55.06,BuildingB_Floor1,TypeC
1095,2025-04-08T07:08:34.000Z,25.14,71.21,BuildingA_Floor1,TypeB
1043,2025-04-08T09:55:22.000Z,24.5,55.09,BuildingB_Floor2,TypeC
1019,2025-04-09T11:19:49.000Z,33.03,41.28,BuildingB_Floor2,TypeA
1033,2025-04-07T01:31:29.000Z,18.98,43.76,BuildingB_Floor1,TypeB
1047,2025-04-06T16:37:15.000Z,24.4,42.92,BuildingA_Floor1,TypeC
1047,2025-04-07T13:33:21.000Z,32.38,76.55,BuildingB_Floor1,TypeC
1043,2025-04-08T17:46:12.000Z,16.84,47.98,BuildingA_Floor1,TypeB
1053,2025-04-06T01:45:42.000Z,33.93,44.44,BuildingB_Floor1,TypeA
1089,2025-04-08T08:31:19.000Z,16.68,40.92,BuildingB_Floor1,TypeC
1020,2025-04-08T08:31:01.000Z,20.18,41.86,BuildingB_Floor2,TypeB
1003,2025-04-08T23:21:47.000Z,19.88,68.37,BuildingA_Floor2,TypeC
1036,2025-04-09T20:35:40.000Z,17.64,74.76,BuildingA_Floor2,TypeB
1046,2025-04-07T02:49:24.000Z,31.57,53.54,BuildingB_Floor2,TypeA
1040,2025-04-10T21:13:20.000Z,26.63,73.28,BuildingB_Floor2,TypeC
1053,2025-04-07T21:40:12.000Z,27.15,35.08,BuildingA_Floor2,TypeB
1073,2025-04-09T12:22:26.000Z,20.09,79.58,BuildingB_Floor1,TypeA
1082,2025-04-08T18:13:55.000Z,24.12,34.95,BuildingB_Floor1,TypeA
1034,2025-04-09T17:30:29.000Z,19.54,60.6,BuildingA_Floor2,TypeC
1063,2025-04-10T09:53:41.000Z,24.64,71.99,BuildingA_Floor2,TypeB
1085,2025-04-08T07:28:00.000Z,29.52,35.43,BuildingA_Floor1,TypeC
1070,2025-04-06T05:52:53.000Z,34.9,55.45,BuildingA_Floor1,TypeB
1096,2025-04-07T13:49:42.000Z,25.62,61.56,BuildingB_Floor2,TypeA
1098,2025-04-07T13:54:50.000Z,16.96,61.68,BuildingB_Floor2,TypeC
1035,2025-04-07T18:52:05.000Z,23.04,33.51,BuildingA_Floor1,TypeB
1059,2025-04-10T03:27:10.000Z,30.83,57.47,BuildingA_Floor2,TypeA
1046,2025-04-07T14:46:48.000Z,28.29,30.31,BuildingA_Floor2,TypeC
1002,2025-04-10T09:29:13.000Z,24.14,72.44,BuildingA_Floor2,TypeB
1043,2025-04-09T15:02:33.000Z,26.65,72.69,BuildingB_Floor2,TypeA
1079,2025-04-07T14:59:41.000Z,33.12,63.21,BuildingB_Floor1,TypeB
1008,2025-04-10T03:53:00.000Z,20.19,60.61,BuildingB_Floor1,TypeC
1016,2025-04-07T03:31:06.000Z,25.96,69.21,BuildingA_Floor2,TypeA
1054,2025-04-06T22:02:36.000Z,16.78,43.92,BuildingB_Floor1,TypeB
1047,2025-04-09T21:24:00.000Z,33.5,59.49,BuildingA_Floor1,TypeB
1049,2025-04-06T20:07:11.000Z,16.54,57.62,BuildingB_Floor1,TypeB
1034,2025-04-07T01:30:39.000Z,24.54,43.98,BuildingB_Floor1,TypeB
1099,2025-04-08T12:30:59.000Z,22.7,64.38,BuildingA_Floor2,TypeA
1069,2025-04-07T16:53:03.000Z,30.56,35.88,BuildingB_Floor2,TypeB
1079,2025-04-09T12:20:30.000Z,27.86,50.68,BuildingA_Floor1,TypeA
1090,2025-04-06T18:08:00.000Z,17.75,54.53,BuildingB_Floor1,TypeA
1019,2025-04-10T12:49:20.000Z,30.23,68.07,BuildingA_Floor2,TypeC
1026,2025-04-09T06:31:45.000Z,34.45,35.27,BuildingB_Floor1,TypeA
1094,2025-04-08T04:42:00.000Z,32.34,64.1,BuildingA_Floor2,TypeB
1021,2025-04-08T15:16:04.000Z,15.7,36.4,BuildingA_Floor1,TypeC
1048,2025-04-08T15:49:25.000Z,19.09,61.05,BuildingB_Floor1,TypeC
1047,2025-04-07T00:14:27.000Z,23.99,66.09,BuildingA_Floor1,TypeB
1054,2025-04-10T03:58:31.000Z,17.23,31.77,BuildingB_Floor1,TypeB
1006,2025-04-10T12:51:56.000Z,30.48,41.79,BuildingB_Floor2,TypeA
1056,2025-04-07T09:57:06.000Z,17.34,35.43,BuildingB_Floor2,TypeB
1088,2025-04-07T14:56:40.000Z,33.29,46.59,BuildingA_Floor2,TypeA
1006,2025-04-09T21:11:32.000Z,25.28,75.14,BuildingB_Floor1,TypeC
1037,2025-04-10T18:09:38.000Z,15.39,56.12,BuildingB_Floor2,TypeC
1006,2025-04-06T13:18:56.000Z,26.74,68.24,BuildingA_Floor2,TypeA
1094,2025-04-07T22:17:10.000Z,22.06,64.75,BuildingB_Floor2,TypeB
1081,2025-04-07T06:35:18.000Z,29.93,59.93,BuildingA_Floor2,TypeB
1027,2025-04-07T18:04:56.000Z,30.01,51.82,BuildingB_Floor1,TypeA
1057,2025-04-09T13:47:46.000Z,33.72,72.54,BuildingA_Floor1,TypeA
1092,2025-04-09T21:38:51.000Z,23.42,49.37,BuildingB_Floor1,TypeC
1022,2025-04-08T19:43:46.000Z,30.33,46.51,BuildingA_Floor1,TypeC
1067,2025-04-06T15:59:25.000Z,29.02,31.58,BuildingB_Floor1,TypeB
1021,2025-04-07T02:26:06.000Z,34.47,37.12,BuildingA_Floor2,TypeC
1046,2025-04-09T23:22:48.000Z,25.11,71.04,BuildingA_Floor1,TypeB
1021,2025-04-10T13:31:32.000Z,21.72,68.98,BuildingA_Floor1,TypeC
1099,2025-04-06T07:35:53.000Z,30.77,39.07,BuildingB_Floor1,TypeB
1034,2025-04-09T10:57:29.000Z,20.53,68.1,BuildingA_Floor2,TypeC
1073,2025-04-06T23:30:31.000Z,17.11,70.52,BuildingA_Floor2,TypeA
1012,2025-04-07T15:01:30.000Z,29.45,61.22,BuildingA_Floor2,TypeA
1011,2025-04-09T16:52:37.000Z,31.13,65.81,BuildingB_Floor1,TypeB
1022,2025-04-09T19:11:46.000Z,20.54,67.94,BuildingB_Floor1,TypeC
1017,2025-04-08T17:42:52.000Z,18.38,62.54,BuildingA_Floor2,TypeC
1049,2025-04-06T01:35:39.000Z,32.87,35.16,BuildingA_Floor2,TypeB
1009,2025-04-10T21:12:49.000Z,17.2,60.21,BuildingB_Floor1,TypeA
1064,2025-04-09T07:01:35.000Z,21.13,66.22,BuildingA_Floor2,TypeC
1056,2025-04-06T20:20:56.000Z,32.86,65.94,BuildingB_Floor1,TypeB
1070,2025-04-08T15:49:01.000Z,15.32,66.91,BuildingB_Floor2,TypeA
1033,2025-04-08T20:12:17.000Z,16.74,70.88,BuildingB_Floor2,TypeC
1072,2025-04-09T01:01:06.000Z,32.39,56.07,BuildingB_Floor1,TypeB
1055,2025-04-08T12:49:03.000Z,27.18,78.24,BuildingA_Floor1,TypeC
1024,2025-04-07T02:02:53.000Z,29.76,75.71,BuildingB_Floor1,TypeC
1032,2025-04-07T04:52:29.000Z,30.5,76.05,BuildingA_Floor1,TypeC
1014,2025-04-09T01:37:44.000Z,19.4,70.88,BuildingA_Floor1,TypeB
1057,2025-04-10T03:50:31.000Z,19.57,67.4,BuildingB_Floor1,TypeB
1076,2025-04-07T02:25:37.000Z,19.92,71.15,BuildingB_Floor1,TypeA
1079,2025-04-10T00:24:49.000Z,29.57,38.91,BuildingA_Floor1,TypeC
1099,2025-04-10T11:41:27.000Z,27.96,72.04,BuildingA_Floor2,TypeC
1002,2025-04-09T12:00:25.000Z,28.2,72.14,BuildingA_Floor1,TypeA
1081,2025-04-08T20:17:51.000Z,19.9,54.84,BuildingB_Floor1,TypeA
1021,2025-04-08T06:09:31.000Z,19.19,56.25,BuildingA_Floor2,TypeB
1093,2025-04-05T22:32:54.000Z,33.46,30.26,BuildingA_Floor1,TypeC
1063,2025-04-07T17:16:16.000Z,34.91,53.0,BuildingA_Floor1,TypeB
1046,2025-04-06T20:12:19.000Z,34.89,47.34,BuildingA_Floor2,TypeB
1022,2025-04-09T10:05:48.000Z,30.2,52.49,BuildingA_Floor2,TypeB
1026,2025-04-07T10:38:00.000Z,30.43,34.57,BuildingB_Floor1,TypeA
1081,2025-04-09T13:55:21.000Z,23.94,65.59,BuildingB_Floor2,TypeB
1003,2025-04-06T19:57:16.000Z,24.24,63.14,BuildingA_Floor2,TypeB
1043,2025-04-10T04:28:26.000Z,20.92,48.23,BuildingA_Floor1,TypeC
1013,2025-04-10T18:48:05.000Z,18.46,78.56,BuildingA_Floor2,TypeB
1000,2025-04-08T04:09:23.000Z,23.54,56.16,BuildingA_Floor2,TypeA
1004,2025-04-09T20:51:43.000Z,34.1,56.41,BuildingA_Floor2,TypeC
1070,2025-04-09T03:23:54.000Z,32.86,73.8,BuildingA_Floor2,TypeC
1098,2025-04-10T14:24:48.000Z,18.71,72.15,BuildingA_Floor2,TypeB
1001,2025-04-09T07:49:19.000Z,31.35,47.63,BuildingB_Floor1,TypeC
1032,2025-04-08T02:28:39.000Z,31.56,69.19,BuildingA_Floor1,TypeB
1034,2025-04-09T13:17:59.000Z,23.89,58.52,BuildingA_Floor2,TypeC
1016,2025-04-07T05:43:02.000Z,21.62,47.01,BuildingB_Floor2,TypeA
1042,2025-04-09T05:24:52.000Z,24.21,43.08,BuildingA_Floor2,TypeA
1071,2025-04-08T13:00:29.000Z,30.21,75.52,BuildingB_Floor2,TypeC
1087,2025-04-08T02:26:40.000Z,33.5,63.79,BuildingA_Floor1,TypeB
1013,2025-04-08T20:35:08.000Z,33.8,68.9,BuildingA_Floor2,TypeB
1098,2025-04-10T10:58:26.000Z,19.69,49.15,BuildingB_Floor1,TypeB
1081,2025-04-06T07:12:38.000Z,20.91,74.23,BuildingB_Floor2,TypeB
1044,2025-04-09T23:58:16.000Z,23.04,67.0,BuildingB_Floor1,TypeC
1088,2025-04-10T17:27:29.000Z,22.74,72.63,BuildingB_Floor2,TypeB
1079,2025-04-08T05:35:13.000Z,29.41,30.99,BuildingB_Floor1,TypeB
1046,2025-04-09T09:02:59.000Z,21.94,77.28,BuildingA_Floor2,TypeA
1025,2025-04-08T07:02:52.000Z,34.52,42.58,BuildingA_Floor2,TypeC
1083,2025-04-09T11:55:01.000Z,18.5,45.1,BuildingA_Floor1,TypeC
1001,2025-04-10T17:19:00.000Z,30.59,74.96,BuildingB_Floor2,TypeC
1080,2025-04-08T07:35:53.000Z,28.8,75.14,BuildingB_Floor1,TypeB
1076,2025-04-09T14:20:15.000Z,32.49,59.69,BuildingA_Floor1,TypeB
1093,2025-04-09T05:19:48.000Z,33.64,72.42,BuildingA_Floor2,TypeA
1039,2025-04-09T13:43:02.000Z,19.14,72.29,BuildingA_Floor2,TypeA
1082,2025-04-08T16:33:52.000Z,23.33,51.92,BuildingB_Floor2,TypeA
1065,2025-04-06T11:53:05.000Z,30.09,50.47,BuildingA_Floor2,TypeA
1006,2025-04-06T08:41:55.000Z,17.1,68.86,BuildingA_Floor1,TypeC
1031,2025-04-09T10:16:55.000Z,28.88,34.8,BuildingB_Floor1,TypeC
1047,2025-04-09T13:42:15.000Z,15.78,58.7,BuildingA_Floor1,TypeA
1100,2025-04-06T00:23:42.000Z,16.6,34.81,BuildingA_Floor1,TypeC
1027,2025-04-09T03:38:41.000Z,18.96,32.27,BuildingB_Floor2,TypeC
1005,2025-04-09T21:54:32.000Z,16.14,46.72,BuildingA_Floor1,TypeC
1082,2025-04-06T19:25:18.000Z,18.42,76.93,BuildingB_Floor2,TypeB
1028,2025-04-09T04:40:41.000Z,27.0,48.13,BuildingB_Floor2,TypeB
1049,2025-04-08T01:05:24.000Z,20.24,52.15,BuildingB_Floor1,TypeB
1035,2025-04-09T06:11:39.000Z,16.57,73.51,BuildingA_Floor1,TypeC
1041,2025-04-06T07:34:14.000Z,23.76,76.03,BuildingA_Floor2,TypeB
1062,2025-04-10T19:41:48.000Z,23.12,76.61,BuildingA_Floor2,TypeB
1083,2025-04-07T02:14:18.000Z,31.89,44.09,BuildingA_Floor2,TypeB
1078,2025-04-10T10:57:52.000Z,26.89,59.63,BuildingB_Floor1,TypeA
1068,2025-04-10T08:42:38.000Z,28.03,39.76,BuildingB_Floor1,TypeB
1013,2025-04-05T22:42:30.000Z,19.94,48.08,BuildingA_Floor1,TypeB
1048,2025-04-08T09:57:09.000Z,31.97,52.06,BuildingB_Floor2,TypeA
1032,2025-04-07T16:25:25.000Z,25.99,39.33,BuildingB_Floor1,TypeC
1003,2025-04-10T03:15:06.000Z,26.26,66.99,BuildingA_Floor2,TypeC
1034,2025-04-10T02:55:17.000Z,30.69,45.49,BuildingB_Floor2,TypeB
1031,2025-04-06T07:54:56.000Z,33.89,32.64,BuildingB_Floor1,TypeC
1037,2025-04-08T11:59:55.000Z,23.1,58.77,BuildingB_Floor1,TypeA
1006,2025-04-10T06:46:03.000Z,26.44,67.87,BuildingA_Floor1,TypeA
1027,2025-04-09T14:31:51.000Z,28.82,56.97,BuildingB_Floor1,TypeC
1087,2025-04-09T13:11:57.000Z,15.83,35.63,BuildingA_Floor1,TypeB
1096,2025-04-07T13:09:35.000Z,23.73,73.37,BuildingB_Floor2,TypeC
1058,2025-04-09T05:13:52.000Z,27.24,67.65,BuildingB_Floor2,TypeA
1016,2025-04-07T21:58:43.000Z,26.67,73.37,BuildingB_Floor2,TypeC
1061,2025-04-10T17:30:38.000Z,21.38,60.14,BuildingB_Floor2,TypeB
1017,2025-04-08T19:13:45.000Z,25.36,67.01,BuildingB_Floor2,TypeA
1081,2025-04-07T02:03:41.000Z,28.47,74.8,BuildingA_Floor2,TypeA
1025,2025-04-08T21:24:35.000Z,23.07,37.39,BuildingA_Floor2,TypeB
1065,2025-04-09T14:03:16.000Z,34.6,46.08,BuildingB_Floor1,TypeA
1069,2025-04-07T12:43:57.000Z,32.66,73.46,BuildingB_Floor2,TypeB
1044,2025-04-07T03:07:34.000Z,32.35,52.25,BuildingA_Floor1,TypeB
1024,2025-04-06T01:16:43.000Z,16.94,49.49,BuildingA_Floor2,TypeA
1044,2025-04-09T23:44:36.000Z,28.55,45.71,BuildingB_Floor2,TypeA
1062,2025-04-07T01:49:37.000Z,23.47,79.41,BuildingA_Floor2,TypeB
1077,2025-04-07T02:28:45.000Z,24.13,39.92,BuildingA_Floor2,TypeA
1068,2025-04-10T20:45:51.000Z,27.3,30.19,BuildingA_Floor2,TypeB
1062,2025-04-10T18:02:37.000Z,25.23,55.31,BuildingA_Floor2,TypeA
1039,2025-04-09T10:25:27.000Z,32.9,33.61,BuildingA_Floor2,TypeC
1035,2025-04-08T15:24:48.000Z,19.56,51.43,BuildingA_Floor1,TypeB
1053,2025-04-06T07:16:19.000Z,21.18,66.5,BuildingB_Floor2,TypeB
1077,2025-04-09T13:50:23.000Z,28.34,68.49,BuildingA_Floor2,TypeC
1024,2025-04-09T15:40:22.000Z,17.43,66.24,BuildingA_Floor1,TypeB
1004,2025-04-08T01:31:07.000Z,23.85,43.81,BuildingA_Floor1,TypeB
1050,2025-04-09T12:08:08.000Z,25.0,54.82,BuildingA_Floor2,TypeC
1092,2025-04-09T03:56:38.000Z,21.64,36.15,BuildingA_Floor1,TypeA
1010,2025-04-07T10:36:59.000Z,21.65,77.34,BuildingB_Floor1,TypeC
1073,2025-04-08T14:41:38.000Z,20.04,78.48,BuildingB_Floor2,TypeB
1077,2025-04-07T06:03:10.000Z,29.64,39.13,BuildingB_Floor1,TypeC
1070,2025-04-07T10:50:35.000Z,26.68,39.93,BuildingB_Floor2,TypeB
1100,2025-04-06T10:50:15.000Z,29.01,58.43,BuildingB_Floor2,TypeC
1027,2025-04-10T13:25:41.000Z,20.67,72.01,BuildingB_Floor2,TypeB
1021,2025-04-07T16:24:38.000Z,34.08,33.33,BuildingB_Floor2,TypeA
1081,2025-04-09T20:24:35.000Z,20.31,67.62,BuildingA_Floor1,TypeB
1003,2025-04-07T08:19:46.000Z,25.88,60.78,BuildingB_Floor1,TypeC
1078,2025-04-06T09:27:30.000Z,25.75,40.11,BuildingB_Floor1,TypeA
1087,2025-04-09T00:31:04.000Z,32.52,53.05,BuildingA_Floor1,TypeB
1053,2025-04-10T01:14:43.000Z,30.05,73.42,BuildingA_Floor2,TypeA
1039,2025-04-10T14:53:33.000Z,28.67,47.23,BuildingA_Floor2,TypeB
1011,2025-04-07T17:51:04.000Z,15.93,76.63,BuildingA_Floor2,TypeA
1064,2025-04-06T02:36:53.000Z,15.26,42.0,BuildingB_Floor2,TypeC
1002,2025-04-09T22:39:40.000Z,28.64,72.99,BuildingB_Floor1,TypeA
1023,2025-04-06T13:02:26.000Z,34.01,40.94,BuildingA_Floor2,TypeA
1017,2025-04-07T06:29:33.000Z,20.81,68.71,BuildingB_Floor2,TypeA
1098,2025-04-09T17:00:40.000Z,23.83,58.28,BuildingB_Floor2,TypeC
1037,2025-04-09T20:59:21.000Z,26.39,65.9,BuildingA_Floor2,TypeA
1090,2025-04-08T09:52:31.000Z,34.52,57.7,BuildingB_Floor2,TypeC
1079,2025-04-08T14:06:50.000Z,24.84,54.15,BuildingB_Floor2,TypeC
1092,2025-04-10T03:58:46.000Z,21.15,76.49,BuildingA_Floor2,TypeC
1088,2025-04-07T06:16:30.000Z,22.44,49.73,BuildingB_Floor1,TypeC
1032,2025-04-07T14:19:06.000Z,21.54,31.21,BuildingB_Floor2,TypeA
1049,2025-04-10T09:52:25.000Z,18.2,59.77,BuildingB_Floor2,TypeA
1020,2025-04-10T10:31:09.000Z,32.07,69.45,BuildingA_Floor1,TypeB
1013,2025-04-08T08:26:20.000Z,15.44,57.51,BuildingA_Floor2,TypeA
1058,2025-04-08T07:04:56.000Z,19.11,45.78,BuildingA_Floor1,TypeB
1027,2025-04-07T14:38:38.000Z,19.37,67.47,BuildingA_Floor2,TypeC
1016,2025-04-09T14:14:20.000Z,34.68,62.32,BuildingB_Floor1,TypeA
1029,2025-04-10T13:14:39.000Z,31.94,57.85,BuildingB_Floor1,TypeC
1097,2025-04-08T07:15:32.000Z,15.79,66.97,BuildingA_Floor1,TypeA
1097,2025-04-06T16:39:22.000Z,29.48,41.25,BuildingA_Floor1,TypeB
1011,2025-04-09T19:02:31.000Z,26.09,58.51,BuildingB_Floor1,TypeC
1038,2025-04-06T06:19:31.000Z,21.83,35.96,BuildingB_Floor1,TypeB
1075,2025-04-07T05:57:32.000Z,21.32,50.96,BuildingB_Floor2,TypeC
1014,2025-04-06T02:09:56.000Z,27.31,55.99,BuildingA_Floor1,TypeC
1090,2025-04-06T15:33:23.000Z,32.94,37.07,BuildingA_Floor2,TypeB
1048,2025-04-06T00:45:36.000Z,15.86,63.23,BuildingA_Floor2,TypeB
1031,2025-04-06T13:33:47.000Z,33.44,46.06,BuildingA_Floor1,TypeC
1051,2025-04-09T20:05:37.000Z,25.4,47.89,BuildingB_Floor1,TypeA
1060,2025-04-06T22:32:39.000Z,17.72,34.54,BuildingA_Floor2,TypeB
1023,2025-04-09T14:39:08.000Z,32.79,76.66,BuildingA_Floor1,TypeB
1061,2025-04-08T09:46:03.000Z,17.9,70.62,BuildingA_Floor1,TypeC
1092,2025-04-06T18:11:33.000Z,26.27,54.03,BuildingB_Floor1,TypeA
1085,2025-04-09T10:25:25.000Z,22.88,62.8,BuildingA_Floor2,TypeB
1037,2025-04-06T11:32:06.000Z,31.02,55.65,BuildingA_Floor2,TypeC
1016,2025-04-09T16:18:17.000Z,32.43,60.09,BuildingB_Floor2,TypeA
1052,2025-04-09T07:49:39.000Z,20.44,65.73,BuildingB_Floor2,TypeA
1080,2025-04-06T05:09:10.000Z,22.23,63.03,BuildingB_Floor2,TypeC
1058,2025-04-08T10:04:49.000Z,34.11,69.38,BuildingB_Floor1,TypeB
1010,2025-04-08T21:04:24.000Z,17.0,74.67,BuildingB_Floor1,TypeC
1025,2025-04-07T00:20:41.000Z,26.37,44.68,BuildingA_Floor2,TypeB
1097,2025-04-06T15:33:37.000Z,26.1,38.74,BuildingB_Floor2,TypeC
1050,2025-04-06T00:11:10.000Z,19.83,77.16,BuildingA_Floor2,TypeB
1056,2025-04-06T23:25:06.000Z,34.17,76.17,BuildingB_Floor2,TypeC
1023,2025-04-08T09:12:14.000Z,15.93,75.92,BuildingB_Floor1,TypeC
1058,2025-04-08T21:33:08.000Z,19.38,50.93,BuildingB_Floor1,TypeB
1017,2025-04-07T01:05:47.000Z,15.44,55.23,BuildingB_Floor1,TypeA
1093,2025-04-08T18:53:32.000Z,17.51,70.9,BuildingB_Floor1,TypeB
1076,2025-04-08T05:08:05.000Z,30.44,78.57,BuildingB_Floor2,TypeA
1086,2025-04-10T08:01:43.000Z,20.2,70.26,BuildingB_Floor1,TypeB
1021,2025-04-09T02:37:35.000Z,30.93,68.68,BuildingB_Floor2,TypeB
1100,2025-04-07T02:44:17.000Z,19.39,71.75,BuildingA_Floor2,TypeB
1042,2025-04-08T16:42:35.000Z,18.27,70.28,BuildingA_Floor1,TypeB
1003,2025-04-10T00:18:10.000Z,23.62,66.47,BuildingB_Floor1,TypeB
1033,2025-04-07T10:34:30.000Z,23.12,79.98,BuildingA_Floor2,TypeA
1073,2025-04-07T12:03:30.000Z,15.47,66.28,BuildingB_Floor2,TypeC
1097,2025-04-06T01:51:16.000Z,33.49,52.6,BuildingA_Floor2,TypeC
1083,2025-04-06T12:27:05.000Z,15.48,36.55,BuildingB_Floor1,TypeB
1072,2025-04-09T14:54:58.000Z,33.96,48.15,BuildingB_Floor2,TypeA
1057,2025-04-07T20:09:16.000Z,23.71,64.79,BuildingA_Floor2,TypeA
1017,2025-04-08T19:25:33.000Z,31.86,34.34,BuildingB_Floor2,TypeA
1058,2025-04-10T13:58:18.000Z,27.06,73.24,BuildingB_Floor2,TypeA
1015,2025-04-10T04:05:31.000Z,21.37,46.81,BuildingB_Floor2,TypeA
1045,2025-04-08T20:47:37.000Z,31.8,32.71,BuildingB_Floor2,TypeC
1047,2025-04-07T18:50:55.000Z,20.39,45.68,BuildingA_Floor2,TypeA
1002,2025-04-06T17:30:10.000Z,15.57,31.49,BuildingB_Floor1,TypeC
1097,2025-04-07T02:06:54.000Z,32.07,73.58,BuildingB_Floor2,TypeB
1042,2025-04-07T23:33:51.000Z,15.67,65.78,BuildingA_Floor1,TypeC
1051,2025-04-10T12:09:38.000Z,28.99,58.98,BuildingB_Floor1,TypeA
1030,2025-04-06T20:25:18.000Z,21.84,75.52,BuildingB_Floor2,TypeC
1011,2025-04-08T11:17:45.000Z,34.43,76.35,BuildingA_Floor2,TypeA
1044,2025-04-10T21:16:37.000Z,26.18,78.25,BuildingA_Floor2,TypeA
1068,2025-04-06T11:51:51.000Z,31.87,70.78,BuildingA_Floor1,TypeA
1045,2025-04-07T12:12:03.000Z,24.18,79.17,BuildingB_Floor1,TypeA
1043,2025-04-06T20:16:11.000Z,27.99,37.46,BuildingB_Floor2,TypeA
1002,2025-04-08T14:16:53.000Z,32.85,37.15,BuildingA_Floor1,TypeB
1091,2025-04-06T02:15:30.000Z,28.97,33.47,BuildingB_Floor2,TypeC
1074,2025-04-07T11:25:16.000Z,23.32,71.48,BuildingB_Floor2,TypeB
1087,2025-04-07T02:00:41.000Z,32.55,53.28,BuildingA_Floor2,TypeB
1090,2025-04-06T07:30:20.000Z,19.23,78.44,BuildingA_Floor1,TypeC
1062,2025-04-06T05:37:55.000Z,18.29,70.27,BuildingB_Floor1,TypeC
1065,2025-04-09T01:59:30.000Z,33.13,41.8,BuildingB_Floor1,TypeB
1016,2025-04-08T10:59:57.000Z,30.06,55.49,BuildingA_Floor2,TypeA
1052,2025-04-08T21:04:38.000Z,17.38,38.15,BuildingB_Floor1,TypeB
1004,2025-04-05T22:22:05.000Z,16.32,38.96,BuildingA_Floor2,TypeC
1086,2025-04-06T05:06:56.000Z,22.44,35.03,BuildingB_Floor2,TypeC
1082,2025-04-06T12:45:19.000Z,16.29,68.03,BuildingB_Floor1,TypeB
1058,2025-04-09T06:07:11.000Z,24.75,50.98,BuildingB_Floor1,TypeC
1100,2025-04-06T12:14:06.000Z,15.66,72.92,BuildingB_Floor2,TypeA
1048,2025-04-06T01:58:36.000Z,32.22,57.08,BuildingA_Floor1,TypeB
1034,2025-04-06T13:21:37.000Z,17.45,53.28,BuildingA_Floor2,TypeA
1025,2025-04-08T17:28:33.000Z,24.64,60.86,BuildingB_Floor1,TypeB
1083,2025-04-09T14:35:37.000Z,26.05,69.78,BuildingA_Floor2,TypeB
1047,2025-04-10T12:40:44.000Z,22.78,30.82,BuildingB_Floor2,TypeB
1023,2025-04-07T06:44:37.000Z,33.94,37.84,BuildingB_Floor2,TypeB
1054,2025-04-09T07:29:46.000Z,33.79,77.66,BuildingA_Floor1,TypeA
1083,2025-04-09T15:21:16.000Z,32.32,74.09,BuildingB_Floor2,TypeA
1096,2025-04-06T03:12:04.000Z,17.43,70.95,BuildingB_Floor1,TypeB
1095,2025-04-10T17:34:42.000Z,31.67,46.72,BuildingA_Floor2,TypeB
1091,2025-04-09T17:09:32.000Z,31.99,43.77,BuildingB_Floor2,TypeB
1037,2025-04-06T01:01:10.000Z,31.9,44.58,BuildingA_Floor2,TypeC
1010,2025-04-06T22:14:42.000Z,19.2,67.22,BuildingA_Floor1,TypeB
1060,2025-04-09T21:59:57.000Z,26.86,31.72,BuildingA_Floor1,TypeC
1005,2025-04-06T03:31:25.000Z,27.29,69.97,BuildingA_Floor1,TypeC
1048,2025-04-07T03:13:12.000Z,33.53,59.0,BuildingA_Floor1,TypeC
1072,2025-04-09T16:49:15.000Z,24.08,71.58,BuildingB_Floor1,TypeC
1012,2025-04-10T09:56:15.000Z,15.45,44.89,BuildingB_Floor1,TypeC
1040,2025-04-08T23:01:10.000Z,19.89,54.32,BuildingB_Floor1,TypeB
1065,2025-04-08T10:26:19.000Z,27.22,48.17,BuildingB_Floor1,TypeB
1068,2025-04-09T00:07:35.000Z,23.86,33.86,BuildingB_Floor2,TypeB
1033,2025-04-10T20:46:23.000Z,25.7,53.79,BuildingB_Floor1,TypeA
1056,2025-04-06T00:05:20.000Z,32.3,55.48,BuildingB_Floor2,TypeC
1053,2025-04-06T23:37:14.000Z,19.8,69.62,BuildingA_Floor2,TypeB
1007,2025-04-06T15:48:31.000Z,30.7,43.88,BuildingB_Floor2,TypeB
1087,2025-04-07T14:36:56.000Z,19.39,74.69,BuildingB_Floor1,TypeB
1065,2025-04-09T22:34:35.000Z,33.53,33.32,BuildingA_Floor2,TypeA
1092,2025-04-09T01:25:57.000Z,21.26,58.5,BuildingA_Floor1,TypeA
1001,2025-04-08T10:13:04.000Z,32.54,76.8,BuildingA_Floor1,TypeA
1079,2025-04-08T14:29:20.000Z,21.59,38.18,BuildingA_Floor1,TypeC
1044,2025-04-10T10:30:41.000Z,24.54,77.24,BuildingA_Floor1,TypeC
1065,2025-04-09T05:03:51.000Z,16.15,71.47,BuildingB_Floor2,TypeB
1009,2025-04-07T16:14:52.000Z,30.2,53.71,BuildingA_Floor2,TypeA
1013,2025-04-06T09:59:15.000Z,16.36,35.88,BuildingA_Floor2,TypeB
1062,2025-04-07T14:04:53.000Z,27.41,68.6,BuildingB_Floor1,TypeC
1079,2025-04-09T21:06:43.000Z,23.98,55.5,BuildingB_Floor1,TypeC
1064,2025-04-07T18:31:26.000Z,15.94,67.99,BuildingA_Floor2,TypeA
1072,2025-04-07T09:18:56.000Z,33.02,75.99,BuildingA_Floor2,TypeB
1099,2025-04-08T12:46:14.000Z,18.59,34.52,BuildingA_Floor2,TypeC
1072,2025-04-07T17:42:50.000Z,18.83,32.81,BuildingA_Floor1,TypeA
1042,2025-04-08T09:39:53.000Z,31.68,46.22,BuildingB_Floor2,TypeB
1072,2025-04-09T01:08:10.000Z,27.26,58.24,BuildingA_Floor2,TypeA
1021,2025-04-08T16:18:53.000Z,22.79,66.35,BuildingB_Floor2,TypeC
1087,2025-04-08T08:19:59.000Z,18.16,31.18,BuildingA_Floor2,TypeC
1062,2025-04-08T22:37:18.000Z,19.65,66.02,BuildingA_Floor1,TypeC
1049,2025-04-08T13:59:29.000Z,33.5,56.16,BuildingA_Floor2,TypeC
1048,2025-04-10T07:06:26.000Z,21.85,51.89,BuildingA_Floor1,TypeC
1045,2025-04-06T04:57:04.000Z,26.16,59.86,BuildingA_Floor2,TypeA
1021,2025-04-08T17:07:27.000Z,24.37,65.36,BuildingB_Floor2,TypeC
1049,2025-04-06T02:00:34.000Z,17.78,44.77,BuildingB_Floor1,TypeC
1058,2025-04-07T07:12:33.000Z,24.83,63.22,BuildingA_Floor2,TypeB
1046,2025-04-07T17:59:27.000Z,18.24,65.12,BuildingA_Floor1,TypeA
1086,2025-04-10T19:37:48.000Z,32.99,35.36,BuildingA_Floor1,TypeC
1055,2025-04-08T05:41:19.000Z,15.34,64.22,BuildingB_Floor2,TypeC
1040,2025-04-07T19:48:43.000Z,33.91,43.67,BuildingB_Floor2,TypeC
1023,2025-04-07T11:18:05.000Z,25.46,34.18,BuildingB_Floor2,TypeC
1001,2025-04-10T21:15:13.000Z,29.4,53.98,BuildingA_Floor2,TypeC
1063,2025-04-07T11:13:59.000Z,26.0,38.03,BuildingA_Floor1,TypeC
1053,2025-04-10T05:53:06.000Z,19.56,57.82,BuildingA_Floor2,TypeA
1026,2025-04-07T20:16:07.000Z,31.36,64.69,BuildingB_Floor1,TypeC
1049,2025-04-09T08:22:07.000Z,34.71,66.06,BuildingA_Floor1,TypeC
1065,2025-04-08T03:13:22.000Z,32.26,79.89,BuildingB_Floor1,TypeA
1046,2025-04-07T16:59:32.000Z,25.9,55.97,BuildingA_Floor2,TypeA
1070,2025-04-06T19:51:04.000Z,33.9,39.76,BuildingB_Floor1,TypeC
1054,2025-04-09T01:37:14.000Z,17.51,54.1,BuildingA_Floor2,TypeA
1018,2025-04-06T14:41:10.000Z,33.68,65.85,BuildingA_Floor2,TypeA
1076,2025-04-07T21:07:24.000Z,19.11,60.58,BuildingB_Floor2,TypeA
1091,2025-04-06T11:13:12.000Z,15.84,71.21,BuildingA_Floor1,TypeC
1014,2025-04-08T03:25:39.000Z,20.64,46.72,BuildingA_Floor1,TypeB
1005,2025-04-09T17:43:13.000Z,34.85,78.67,BuildingB_Floor1,TypeB
1074,2025-04-06T07:17:23.000Z,20.61,76.83,BuildingB_Floor1,TypeB
1028,2025-04-09T18:20:09.000Z,19.5,33.73,BuildingA_Floor1,TypeB
1000,2025-04-09T08:36:10.000Z,27.35,32.67,BuildingA_Floor2,TypeB
1073,2025-04-09T11:58:49.000Z,25.74,70.99,BuildingB_Floor1,TypeA
1060,2025-04-08T08:32:29.000Z,31.8,59.84,BuildingA_Floor1,TypeC
1094,2025-04-06T15:48:42.000Z,23.84,59.66,BuildingA_Floor2,TypeA
1035,2025-04-06T15:56:45.000Z,17.33,40.56,BuildingB_Floor2,TypeA
1017,2025-04-07T13:49:56.000Z,16.5,71.2,BuildingA_Floor2,TypeA
1051,2025-04-07T06:13:53.000Z,34.97,47.13,BuildingB_Floor1,TypeC
1090,2025-04-05T23:49:55.000Z,19.11,73.39,BuildingB_Floor2,TypeA
1049,2025-04-08T15:36:14.000Z,23.08,69.6,BuildingA_Floor2,TypeB
1099,2025-04-10T00:57:41.000Z,23.61,39.84,BuildingB_Floor1,TypeA
1097,2025-04-10T03:26:31.000Z,32.56,44.39,BuildingA_Floor1,TypeC
1059,2025-04-07T18:59:47.000Z,21.44,33.21,BuildingA_Floor2,TypeB
1071,2025-04-10T10:20:27.000Z,17.24,42.89,BuildingA_Floor1,TypeA
1017,2025-04-09T08:50:22.000Z,15.71,46.03,BuildingA_Floor2,TypeA
1015,2025-04-06T15:11:14.000Z,28.32,42.48,BuildingA_Floor2,TypeA
1055,2025-04-07T18:32:45.000Z,26.1,38.29,BuildingA_Floor2,TypeA
1023,2025-04-09T10:07:42.000Z,27.6,79.22,BuildingB_Floor2,TypeA
1042,2025-04-06T10:15:28.000Z,30.97,55.95,BuildingB_Floor2,TypeA
1064,2025-04-10T08:47:17.000Z,33.37,30.11,BuildingA_Floor1,TypeC
1020,2025-04-10T02:38:07.000Z,24.66,59.26,BuildingA_Floor2,TypeC
1093,2025-04-06T00:30:06.000Z,32.67,45.14,BuildingA_Floor1,TypeC
1097,2025-04-06T01:07:45.000Z,22.69,33.36,BuildingA_Floor2,TypeC
1012,2025-04-10T16:34:19.000Z,25.37,65.83,BuildingA_Floor1,TypeC
1095,2025-04-09T07:16:16.000Z,31.53,66.36,BuildingA_Floor2,TypeA
1034,2025-04-07T07:29:11.000Z,33.12,77.1,BuildingB_Floor2,TypeA
1093,2025-04-05T21:44:58.000Z,26.06,34.93,BuildingB_Floor2,TypeA
1000,2025-04-08T14:22:34.000Z,26.65,67.7,BuildingB_Floor2,TypeC
1078,2025-04-06T18:07:34.000Z,22.26,59.42,BuildingB_Floor2,TypeC
1031,2025-04-07T03:28:43.000Z,18.77,30.73,BuildingB_Floor1,TypeB
1014,2025-04-06T21:31:31.000Z,24.01,60.21,BuildingA_Floor1,TypeC
1005,2025-04-08T23:23:53.000Z,28.58,66.9,BuildingB_Floor1,TypeB
1081,2025-04-06T06:35:51.000Z,21.35,31.49,BuildingB_Floor2,TypeC
1030,2025-04-09T04:38:17.000Z,20.96,47.66,BuildingB_Floor1,TypeA
1005,2025-04-10T11:11:57.000Z,31.41,64.99,BuildingB_Floor1,TypeC
1030,2025-04-09T02:42:06.000Z,28.97,34.81,BuildingB_Floor1,TypeB
1090,2025-04-06T16:10:27.000Z,18.57,45.46,BuildingA_Floor2,TypeC
1020,2025-04-06T18:15:04.000Z,17.03,54.14,BuildingA_Floor2,TypeC
1003,2025-04-07T17:34:19.000Z,32.78,48.76,BuildingA_Floor1,TypeC
1088,2025-04-06T15:04:56.000Z,17.39,75.05,BuildingB_Floor2,TypeC
1099,2025-04-06T20:10:31.000Z,28.47,71.19,BuildingA_Floor1,TypeB
1045,2025-04-07T19:37:01.000Z,27.85,47.94,BuildingB_Floor2,TypeA
1074,2025-04-06T17:24:35.000Z,33.49,32.58,BuildingB_Floor1,TypeA
1026,2025-04-07T07:26:51.000Z,30.53,66.32,BuildingA_Floor2,TypeB
1043,2025-04-08T19:24:56.000Z,34.69,54.64,BuildingA_Floor2,TypeC
1039,2025-04-08T04:34:49.000Z,15.18,73.39,BuildingB_Floor2,TypeC
1025,2025-04-08T18:23:11.000Z,19.94,57.38,BuildingA_Floor2,TypeC
1067,2025-04-06T08:26:01.000Z,26.09,60.38,BuildingA_Floor1,TypeB
1062,2025-04-06T14:07:32.000Z,26.42,70.53,BuildingA_Floor1,TypeB
1060,2025-04-07T11:13:48.000Z,20.55,37.14,BuildingA_Floor2,TypeC
1097,2025-04-08T19:12:55.000Z,15.09,38.4,BuildingB_Floor1,TypeC
1022,2025-04-10T07:37:35.000Z,32.21,49.62,BuildingA_Floor1,TypeC
1050,2025-04-09T12:12:21.000Z,23.12,61.26,BuildingB_Floor2,TypeB
1015,2025-04-05T23:39:53.000Z,16.61,30.04,BuildingB_Floor2,TypeB
1009,2025-04-07T03:20:21.000Z,17.15,34.97,BuildingB_Floor2,TypeA
1044,2025-04-07T19:22:27.000Z,23.02,74.19,BuildingB_Floor1,TypeB
1061,2025-04-06T18:52:06.000Z,31.3,58.39,BuildingA_Floor2,TypeB
1069,2025-04-08T04:07:32.000Z,15.01,61.56,BuildingA_Floor1,TypeA
1032,2025-04-06T10:06:42.000Z,27.86,53.03,BuildingA_Floor2,TypeB
1076,2025-04-08T05:36:33.000Z,27.92,70.76,BuildingB_Floor2,TypeC
1051,2025-04-05T22:31:41.000Z,23.3,77.1,BuildingA_Floor1,TypeB
1019,2025-04-07T11:03:44.000Z,25.22,66.32,BuildingB_Floor1,TypeC
1069,2025-04-08T16:20:09.000Z,21.84,73.84,BuildingA_Floor2,TypeA
1087,2025-04-07T23:49:15.000Z,26.19,63.13,BuildingA_Floor1,TypeC
1019,2025-04-08T02:40:10.000Z,17.49,68.59,BuildingA_Floor1,TypeC
1033,2025-04-06T11:35:36.000Z,20.41,70.0,BuildingB_Floor1,TypeC
1088,2025-04-10T07:54:44.000Z,19.21,37.26,BuildingB_Floor1,TypeA
1012,2025-04-06T02:54:34.000Z,21.03,70.33,BuildingB_Floor1,TypeC
1043,2025-04-09T05:09:30.000Z,15.6,35.1,BuildingA_Floor2,TypeA
1045,2025-04-09T07:24:44.000Z,27.5,67.04,BuildingB_Floor1,TypeB
1009,2025-04-09T15:37:33.000Z,23.82,33.52,BuildingB_Floor1,TypeB
1033,2025-04-06T04:16:47.000Z,22.12,48.89,BuildingB_Floor2,TypeC
1040,2025-04-07T18:24:56.000Z,29.38,34.53,BuildingA_Floor2,TypeB
1020,2025-04-07T07:51:21.000Z,17.75,46.04,BuildingB_Floor1,TypeA
1084,2025-04-06T17:58:57.000Z,22.1,50.38,BuildingA_Floor1,TypeC
1001,2025-04-06T00:10:34.000Z,24.99,62.59,BuildingA_Floor2,TypeA
1053,2025-04-08T04:38:13.000Z,19.68,45.46,BuildingA_Floor1,TypeA
1011,2025-04-08T22:16:59.000Z,26.06,45.9,BuildingB_Floor1,TypeA
1088,2025-04-09T02:41:42.000Z,25.32,73.99,BuildingA_Floor2,TypeB
1031,2025-04-07T12:55:09.000Z,16.05,62.25,BuildingA_Floor2,TypeA
1078,2025-04-06T00:19:26.000Z,31.76,45.83,BuildingB_Floor2,TypeC
1004,2025-04-09T05:06:35.000Z,17.99,78.11,BuildingA_Floor1,TypeB
1074,2025-04-07T06:41:01.000Z,18.58,32.89,BuildingA_Floor1,TypeB
1054,2025-04-07T02:11:15.000Z,25.21,63.01,BuildingB_Floor1,TypeC
1018,2025-04-06T07:21:22.000Z,27.46,71.07,BuildingA_Floor1,TypeB
1056,2025-04-09T15:50:01.000Z,15.51,32.61,BuildingB_Floor2,TypeA
1093,2025-04-08T21:56:20.000Z,30.79,61.73,BuildingA_Floor2,TypeB
1027,2025-04-08T05:37:25.000Z,16.96,60.59,BuildingA_Floor1,TypeB
1005,2025-04-07T16:14:44.000Z,31.79,35.95,BuildingB_Floor1,TypeC
1043,2025-04-09T18:51:05.000Z,28.32,52.43,BuildingA_Floor1,TypeA
1048,2025-04-06T14:09:27.000Z,16.61,37.27,BuildingB_Floor1,TypeB
1002,2025-04-09T06:49:43.000Z,22.21,75.48,BuildingB_Floor1,TypeB
1039,2025-04-08T20:59:47.000Z,21.04,65.4,BuildingA_Floor1,TypeC
1054,2025-04-08T19:38:43.000Z,18.24,30.89,BuildingA_Floor1,TypeA
1004,2025-04-10T01:52:59.000Z,15.1,67.76,BuildingA_Floor1,TypeB
1013,2025-04-09T13:59:45.000Z,16.02,53.59,BuildingA_Floor2,TypeB
1056,2025-04-08T03:45:34.000Z,16.07,54.07,BuildingB_Floor1,TypeC
1035,2025-04-10T08:51:05.000Z,16.17,32.83,BuildingB_Floor1,TypeA
1000,2025-04-07T01:27:44.000Z,22.94,46.64,BuildingA_Floor2,TypeC
1080,2025-04-08T14:58:46.000Z,25.28,70.37,BuildingA_Floor1,TypeA
1005,2025-04-07T09:55:51.000Z,23.31,56.68,BuildingA_Floor1,TypeB
1056,2025-04-06T17:33:26.000Z,19.34,38.93,BuildingB_Floor1,TypeA
1052,2025-04-08T21:37:06.000Z,33.0,47.65,BuildingB_Floor1,TypeB
1028,2025-04-07T03:59:08.000Z,28.26,32.77,BuildingA_Floor1,TypeA
1091,2025-04-10T07:19:02.000Z,30.33,32.34,BuildingB_Floor1,TypeA
1025,2025-04-06T19:43:25.000Z,33.02,62.44,BuildingA_Floor1,TypeC
1092,2025-04-09T20:34:46.000Z,34.1,56.62,BuildingB_Floor1,TypeA
1032,2025-04-06T12:58:59.000Z,24.21,42.2,BuildingA_Floor1,TypeC
1077,2025-04-09T07:08:29.000Z,26.33,45.18,BuildingA_Floor1,TypeB
1017,2025-04-09T10:35:18.000Z,27.21,53.91,BuildingB_Floor1,TypeC
1066,2025-04-09T01:15:05.000Z,28.79,64.52,BuildingA_Floor2,TypeA
1033,2025-04-07T21:02:23.000Z,24.64,48.6,BuildingA_Floor2,TypeB
1082,2025-04-06T22:47:28.000Z,17.9,43.8,BuildingA_Floor1,TypeA
1038,2025-04-08T15:50:39.000Z,26.5,38.18,BuildingB_Floor2,TypeB
1089,2025-04-09T08:40:08.000Z,18.87,56.97,BuildingB_Floor2,TypeC
1062,2025-04-08T09:44:05.000Z,25.97,65.29,BuildingA_Floor1,TypeA
1069,2025-04-06T15:13:18.000Z,23.48,42.96,BuildingA_Floor1,TypeC
1075,2025-04-08T19:44:47.000Z,16.25,40.58,BuildingA_Floor2,TypeB
1036,2025-04-10T17:19:54.000Z,34.99,61.79,BuildingA_Floor1,TypeB
1043,2025-04-08T05:21:08.000Z,31.23,57.75,BuildingA_Floor2,TypeB
1036,2025-04-08T04:59:17.000Z,21.23,69.83,BuildingB_Floor1,TypeC
1058,2025-04-09T01:03:39.000Z,21.19,68.16,BuildingB_Floor1,TypeB
1057,2025-04-10T18:38:09.000Z,20.43,72.65,BuildingA_Floor1,TypeA
1033,2025-04-06T06:27:51.000Z,28.95,52.33,BuildingB_Floor1,TypeB
1041,2025-04-10T17:09:04.000Z,21.65,36.8,BuildingA_Floor2,TypeA
1030,2025-04-06T02:10:54.000Z,34.18,70.93,BuildingA_Floor1,TypeC
1002,2025-04-08T23:25:17.000Z,15.55,78.51,BuildingB_Floor1,TypeC
1032,2025-04-06T01:27:59.000Z,16.34,59.44,BuildingB_Floor2,TypeA
1099,2025-04-07T10:21:14.000Z,22.11,59.92,BuildingB_Floor2,TypeB
1002,2025-04-10T16:13:52.000Z,33.9,30.88,BuildingA_Floor1,TypeC
1068,2025-04-08T13:19:51.000Z,32.27,60.48,BuildingA_Floor2,TypeA
1041,2025-04-08T18:16:21.000Z,22.01,79.09,BuildingA_Floor1,TypeA
1058,2025-04-09T18:19:53.000Z,19.59,61.91,BuildingB_Floor2,TypeC
1038,2025-04-07T04:37:29.000Z,21.38,76.36,BuildingA_Floor2,TypeB
1088,2025-04-06T13:40:53.000Z,23.92,32.03,BuildingA_Floor2,TypeC
1061,2025-04-09T04:42:10.000Z,16.63,58.59,BuildingA_Floor1,TypeA
1015,2025-04-06T13:14:20.000Z,28.15,59.16,BuildingB_Floor2,TypeB
1087,2025-04-06T09:02:49.000Z,27.56,38.52,BuildingA_Floor2,TypeC
1042,2025-04-10T13:38:32.000Z,29.85,59.13,BuildingB_Floor1,TypeC
1017,2025-04-09T01:04:01.000Z,21.49,43.11,BuildingB_Floor1,TypeC
1097,2025-04-06T04:35:52.000Z,21.22,36.46,BuildingB_Floor1,TypeA
1063,2025-04-08T03:33:13.000Z,28.06,55.4,BuildingB_Floor2,TypeB
1097,2025-04-08T21:07:28.000Z,31.84,35.15,BuildingA_Floor1,TypeB
1007,2025-04-10T19:03:31.000Z,34.87,53.74,BuildingB_Floor1,TypeB
1036,2025-04-10T00:32:39.000Z,15.42,64.59,BuildingA_Floor2,TypeC
1064,2025-04-06T09:47:31.000Z,28.61,79.76,BuildingB_Floor2,TypeA
1089,2025-04-09T18:44:57.000Z,34.01,67.25,BuildingA_Floor2,TypeC
1015,2025-04-08T09:17:51.000Z,34.99,30.0,BuildingB_Floor1,TypeA
1011,2025-04-09T22:58:20.000Z,32.46,61.24,BuildingA_Floor1,TypeA
1099,2025-04-09T00:28:21.000Z,28.79,70.33,BuildingB_Floor2,TypeC
1026,2025-04-09T10:38:31.000Z,31.2,69.13,BuildingA_Floor1,TypeC
1018,2025-04-07T13:29:31.000Z,29.44,48.22,BuildingB_Floor2,TypeC
1051,2025-04-06T13:11:08.000Z,26.93,73.11,BuildingB_Floor1,TypeA
1091,2025-04-08T06:42:36.000Z,32.55,35.96,BuildingA_Floor1,TypeC
1048,2025-04-10T12:31:34.000Z,24.55,37.33,BuildingA_Floor2,TypeB
1086,2025-04-10T07:33:28.000Z,18.22,79.2,BuildingA_Floor1,TypeA
1082,2025-04-10T01:22:30.000Z,19.63,75.93,BuildingB_Floor1,TypeA
1091,2025-04-08T05:31:39.000Z,15.84,54.33,BuildingA_Floor1,TypeC
1096,2025-04-09T20:15:50.000Z,32.53,44.91,BuildingB_Floor2,TypeC
1075,2025-04-10T01:49:24.000Z,30.37,42.5,BuildingB_Floor2,TypeB
1056,2025-04-07T19:21:30.000Z,27.34,34.82,BuildingA_Floor1,TypeC
1081,2025-04-09T09:51:30.000Z,29.48,37.86,BuildingB_Floor1,TypeC
1048,2025-04-08T01:16:27.000Z,18.62,38.87,BuildingB_Floor2,TypeC
1055,2025-04-08T10:41:34.000Z,29.37,59.83,BuildingB_Floor2,TypeA
1073,2025-04-10T16:28:52.000Z,27.05,34.04,BuildingA_Floor1,TypeC
1000,2025-04-06T11:32:03.000Z,24.06,55.08,BuildingA_Floor1,TypeA
1097,2025-04-09T21:04:59.000Z,33.7,72.42,BuildingB_Floor2,TypeA
1011,2025-04-07T18:51:20.000Z,20.33,47.01,BuildingB_Floor1,TypeA
1015,2025-04-08T18:03:19.000Z,22.68,79.64,BuildingA_Floor1,TypeB
1066,2025-04-05T21:49:44.000Z,24.09,52.25,BuildingB_Floor2,TypeA
1094,2025-04-08T12:36:02.000Z,17.66,71.82,BuildingB_Floor2,TypeC
1090,2025-04-10T17:32:48.000Z,29.57,60.45,BuildingA_Floor2,TypeC
1058,2025-04-09T14:38:41.000Z,15.45,63.25,BuildingB_Floor1,TypeC
1044,2025-04-06T09:58:23.000Z,34.07,43.41,BuildingB_Floor1,TypeB
1078,2025-04-06T13:43:26.000Z,18.55,40.04,BuildingB_Floor1,TypeA
1010,2025-04-08T06:27:01.000Z,24.26,64.08,BuildingA_Floor2,TypeA
1007,2025-04-10T07:09:11.000Z,19.65,56.78,BuildingA_Floor1,TypeA
1060,2025-04-06T17:17:52.000Z,20.37,44.2,BuildingA_Floor2,TypeA
1020,2025-04-09T00:07:45.000Z,21.81,52.97,BuildingB_Floor2,TypeC
1082,2025-04-09T03:53:24.000Z,29.55,64.87,BuildingA_Floor2,TypeC
1045,2025-04-06T08:55:52.000Z,30.84,77.19,BuildingA_Floor1,TypeB
1095,2025-04-06T04:37:14.000Z,26.93,71.39,BuildingB_Floor1,TypeA
1046,2025-04-10T14:21:13.000Z,32.13,41.68,BuildingB_Floor2,TypeA
1043,2025-04-10T11:24:58.000Z,31.75,66.37,BuildingB_Floor2,TypeC
1056,2025-04-06T20:52:13.000Z,29.98,47.26,BuildingA_Floor1,TypeA
1024,2025-04-10T06:45:57.000Z,31.74,64.55,BuildingA_Floor1,TypeA
1054,2025-04-07T13:20:42.000Z,28.0,63.81,BuildingA_Floor1,TypeA
1050,2025-04-07T11:58:51.000Z,32.5,41.98,BuildingB_Floor1,TypeA
1022,2025-04-07T01:38:21.000Z,19.26,34.69,BuildingB_Floor2,TypeB
1041,2025-04-06T15:41:35.000Z,21.75,34.61,BuildingA_Floor1,TypeA
1051,2025-04-07T05:41:25.000Z,32.9,71.49,BuildingA_Floor1,TypeA
1083,2025-04-10T06:42:38.000Z,20.29,63.53,BuildingB_Floor1,TypeB
1083,2025-04-06T11:39:34.000Z,18.57,31.32,BuildingB_Floor2,TypeB
1006,2025-04-08T14:17:48.000Z,28.39,38.52,BuildingB_Floor2,TypeA
1085,2025-04-09T21:19:45.000Z,22.4,51.54,BuildingB_Floor2,TypeB
1095,2025-04-09T19:24:39.000Z,19.35,40.26,BuildingA_Floor1,TypeC
1042,2025-04-06T17:52:20.000Z,24.29,77.8,BuildingA_Floor2,TypeC
1009,2025-04-10T06:01:58.000Z,19.07,34.88,BuildingA_Floor2,TypeB
1039,2025-04-09T14:19:50.000Z,24.9,50.51,BuildingB_Floor1,TypeA
1041,2025-04-07T19:42:54.000Z,25.36,49.11,BuildingB_Floor2,TypeB
1030,2025-04-06T23:31:04.000Z,23.25,41.39,BuildingA_Floor1,TypeC
1000,2025-04-08T03:04:20.000Z,24.39,70.73,BuildingB_Floor2,TypeA
1058,2025-04-10T03:23:45.000Z,29.1,36.03,BuildingB_Floor1,TypeA
1046,2025-04-08T20:29:33.000Z,27.53,69.37,BuildingB_Floor2,TypeB
1007,2025-04-10T02:51:09.000Z,22.3,56.3,BuildingB_Floor1,TypeB
